question,gold_answer,KG answer,taxonomy_label,method,source,cause
Which fighting video game franchise developed by Midway Games was adapted into a live action movie in 1995,Mortal Kombat,Mortal Kombat|...,Higher accuracy in KG than in Table,Simple heuristics,CompMix_infobox,long answer
What number of years later was the sequel of The Bourne Identity released,2,2|...,Higher accuracy in KG than in Table,Simple heuristics,CompMix_table,long answer
Which nation did Raúl González play soccer for?,Spain,Germany|Spain|...|United States|Qatar,Higher accuracy in KG than in Table,Simple heuristics,CompMix_table,long answer
who has been appointed as the election commissioner of india,Om Prakash Rawat,Sushil Chandra|Rajiv Kumar|Achal Kumar Jyoti|Om Prakash Rawat|T. N. Seshan|...|Nagendra Singh|Sukumar Sen|Syed Nasim Ahmad Zaidi|T. S. Krishnamurthy|T. Swaminathan,Higher accuracy in KG than in Table,Simple heuristics,NQ_table,long answer
"On The 28th of September , Christopher Reeve was interviewed on Friday Night , Saturday Morning . What hero was he known for portraying",Superman,Jor-El|Martha Kent|Lex Luthor|Lois Lane|General Zod|...|Jonathan Kent|Otis|Non|Superman|Eve Teschmacher,Higher accuracy in KG than in Table,Simple heuristics,OTT_QA_dev,long answer
Who played Joseph Cooper in Interstellar?,Matthew McConaughey,Josh Stewart|David Gyasi|Michael Caine|Matt Damon|Matthew McConaughey|...|William Devane|Leah Cairns|Elyes Gabel|Bill Irwin|Mackenzie Foy,Higher accuracy in KG than in Table,Simple heuristics,CompMix_table,long answer
Who is the director of the second season of Under the Dome,Jack Bender,Ernest Dickerson|Peter Leto|Holly Dale|Peter Weller|...|Jack Bender|David Barrett|Eriq La Salle|Edward Ornelas,Higher accuracy in KG than in Table,Simple heuristics,CompMix_infobox,long answer
when will the flash season 4 episode 14 coming out,"February 27, 2018",2018-02-27T00:00:00Z|2018-03-06T00:00:00Z|2018-03-13T00:00:00Z|2018-04-10T00:00:00Z|2018-04-17T00:00:00Z|...|2018-05-10T00:00:00Z|2018-05-15T00:00:00Z|2018-05-17T00:00:00Z|2018-05-22T00:00:00Z|2018-05-24T00:00:00Z,Higher accuracy in KG than in Table,Simple heuristics,NQ_table,long answer
what is the name of india 29 state,Rajasthan,"Andaman and Nicobar Islands|Andaman and Nicobar Islands (lang:en)
Andhra Pradesh|Andhra Pradesh (lang:en)
Arunachal Pradesh|Arunachal Pradesh (lang:en)
Assam|Assam (lang:en)
Bihar|Bihar (lang:en)
...|...
Telangana|Telangana (lang:en)
Tripura|Tripura (lang:en)
Uttarakhand|Uttarakhand (lang:en)
Uttar Pradesh|Uttar Pradesh (lang:en)
West Bengal|West Bengal (lang:en)",Higher accuracy in KG than in Table,LLM-as-a-judge,NQ_table,long answer
when do new episodes of riverdale season 2 come out,"January 31, 2018 | February 7, 2018 | TBA | April 18, 2018","2017-10-18T00:00:00Z
2017-10-25T00:00:00Z
2017-11-01T00:00:00Z
2017-11-08T00:00:00Z
2017-11-15T00:00:00Z
...
2018-03-28T00:00:00Z
2018-04-25T00:00:00Z
2018-05-02T00:00:00Z
2018-05-09T00:00:00Z
2018-05-16T00:00:00Z",Higher accuracy in KG than in Table,LLM-as-a-judge,NQ_table,long answer
What countries are island countries ?,"The northern part of the island of Cyprus is the de facto independent state of Northern Cyprus, which is recognized only by Turkey. In the south of the island are the Sovereign Base Areas of Akrotiri and Dhekelia, controlled by the United Kingdom. | In 1983, Northern Cyprus declared independence from Cyprus. Northern Cyprus sovereignty has been recognized by only one United Nations member state (Turkey). It is not a member state of the United Nations. Most states recognize Cyprus claim to sovereignty over Northern Cyprus. | Since the conclusion of the Chinese Civil War, the Republic of China (ROC) retains actual rule over the islands of Taiwan, Penghu, Kinmen, the Matsu, and other minor islands, all of which are collectively known as ""Free Area"" or Taiwan Area in contrast to Mainland China being under communist rule, thus making it a de facto island nation, and has become known colloquially as simply ""Taiwan"" due to the island of Taiwan forming the majority of the ROC-controlled territories; nonetheless, the ROC has not officially renounced its constitutional-defined territories which include areas effectively controlled by the [[China|Peoples Republic of China]], Mongolia, Tuva (a Russian republic) etc. If claimed territories were taken into account, the ROC would not be a borderless country, nor a country centred around a major island. The ROC-controlled territories are also claimed by the Peoples Republic of China. See: Political status of Taiwan, Two Chinas, One-China policy, and Cross-strait relations. | Martinique | Administered by Norway under the Svalbard Treaty.","Antigua and Barbuda|Antigua and Barbuda (lang:en)
Aruba|Aruba (lang:en)
Bahrain|Bahrain (lang:en)
Barbados|Barbados (lang:en)
Cape Verde|Cape Verde (lang:en)
...|...
Trinidad and Tobago|Trinidad and Tobago (lang:en)
Tsukaikoku|Tsukaikoku (lang:en)
Tuvalu|Tuvalu (lang:en)
United Kingdom|United Kingdom (lang:en)
Vanuatu|Vanuatu (lang:en)",Higher accuracy in KG than in Table,LLM-as-a-judge,Qampari_wikitables,long answer
Which dhb is part of the New Zealand district heald boards ?,Auckland District Health Board | Bay of Plenty District Health Board | Canterbury District Health Board | Capital and Coast District Health Board | Counties Manukau District Health Board | [[Hawkes Bay District Health Board]] | Hutt Valley District Health Board | Lakes District Health Board | MidCentral District Health Board | Nelson Marlborough District Health Board | Northland District Health Board | Otago District Health Board | South Canterbury District Health Board | Southland District Health Board | Tairāwhiti District Health Board | Taranaki District Health Board | Waikato District Health Board | Wairarapa District Health Board | Waitematā District Health Board | Whanganui District Health Board | West Coast District Health Board,"Bay of Plenty District Health Board|Bay of Plenty District Health Board (lang:en)
Waitematā District Health Board|Waitematā District Health Board (lang:en)
MidCentral District Health Board|MidCentral District Health Board (lang:en)
Hutt Valley District Health Board|Hutt Valley District Health Board (lang:en)
Waikato District Health Board|Waikato District Health Board (lang:en)
...|...
Lakes District Health Board|Lakes District Health Board (lang:en)
Southern District Health Board|Southern District Health Board (lang:en)
Wairarapa District Health Board|Wairarapa District Health Board (lang:en)
Otago District Health Board|Otago District Health Board (lang:en)
Southland District Health Board|Southland District Health Board (lang:en)",Higher accuracy in Table than in KG,LLM-as-a-judge,Qampari_wikitables,long answer
list of local government area in benue state,Ado | Agatu | Apa | Buruku | Gboko | Guma | Gwer East | Gwer West | Katsina-Ala | Konshisha | Kwande | Logo | Makurdi | Obi | Ogbadibo | Ohimini | Oju | Okpokwu | Otukpo | Tarka | Ukum | Ushongo | Vandeikya,"Guma|Guma (lang:en)
Gboko|Gboko (lang:en)
Agatu|Agatu (lang:en)
Otukpo|Otukpo (lang:en)
Obi|Obi (lang:en)
...|...
Okpokwu|Okpokwu (lang:en)
Tarka|Tarka (lang:en)
Ukum|Ukum (lang:en)
Ushongo|Ushongo (lang:en)
Vandeikya|Vandeikya (lang:en)",Higher accuracy in Table than in KG,LLM-as-a-judge,NQ_table,long answer
Which weapons are of the type anti-materiel rifles ?,Steyr IWS 2000 | Steyr HS .50 | Istiglal | AMR-2 | Zijiang M99 | RT-20 | Vidhwansak | Pindad SPR-2 and SPR-3 | Shaher | Tor | KSVK | SV-18 | Zastava M93 Black Arrow | Denel NTW-20 | Snipex Alligator | Accuracy International AW50 | Accuracy International AS50 | Accuracy International AX50 | Barrett M82A1/M107 | Barrett M99 | Barrett XM109 | Barrett XM500 | Anzio 20mm rifle | Desert Tech HTI,"Gepard|Gepard (lang:en)
AMR-2|AMR-2 (lang:en)
Snipex Alligator|Snipex Alligator (lang:en)
Solothurn S-18/100|Solothurn S-18/100 (lang:en)
Accuracy International AW50|Accuracy International AW50 (lang:en)
...|...
Barrett M99|Barrett M99 (lang:en)
Barrett XM109|Barrett XM109 (lang:en)
Accuracy International AX50|Accuracy International AX50 (lang:en)
Accuracy International AS50|Accuracy International AS50 (lang:en)
AM-50 Sayyad|AM-50 Sayyad (lang:en)",Higher accuracy in Table than in KG,LLM-as-a-judge,Qampari_wikitables,long answer
What were the different numeral systems ?,Proto-cuneiform numerals | Egyptian numerals | Chinese numerals Japanese numerals Korean numerals (Sino-Korean) Vietnamese numerals (Sino-Vietnamese) | Aegean numerals | Bengali numerals | Roman numerals | Hebrew numerals | Greek numerals | Armenian numerals | Khmer numerals | Thai numerals | Abjad numerals | Eastern Arabic numerals | Vietnamese numerals (Chữ Nôm) | Glagolitic numerals | Cyrillic numerals | Burmese numerals | Cistercian numerals | Maya numerals | Muisca numerals | Korean numerals (Hangul) | Sinhala numerals | Pentimal runes | Binary | Ternary | Quaternary | Quinary | Senary | Octal | Decimal / Denary | Duodecimal | Hexadecimal | Vigesimal | Sexagesimal | [[Unary numeral system|Unary]](Bijectivebase1) | Balanced ternary | Quater-imaginary base | Golden ratio base,"Cistercian numerals|Cistercian numerals (lang:en)
senary|senary (lang:en)
Proto-Cuneiform numerals|Proto-Cuneiform numerals (lang:en)
Ionian numerals|Ionian numerals (lang:en)
Dravidian numerals|Dravidian numerals (lang:en)
...|...
Tibetan numeral|Tibetan numeral (lang:en)
Persian numeral|Persian numeral (lang:en)
Urdu numerals|Urdu numerals (lang:en)
Odia numerals|Odia numerals (lang:en)
Chinese numerals|Chinese numerals (lang:en)",Higher accuracy in Table than in KG,LLM-as-a-judge,Qampari_wikitables,long answer
Which weapons are of the type grenade launcher ?,Arsenal 40 mm UBGL | ARDE 40 mm under barrel grenade launcher | BS-1 Tishina | STK 40 GL | EAGLE grenade launcher | GM-94 | GP-25 | Indumil IMC-40 | M79 grenade launcher | M203 grenade launcher | M320 Grenade Launcher Module | Milkor 37/38mm and 40mm Stopper | Pallad wz. 1974 | Pallad wz. 1983 | PMR grenade launcher | RWGŁ-3 | Type 91 grenade launcher | XM148 grenade launcher | DP-64 | Hawk MM-1 | Milkor MGL | Neopup PAW-20 | RG-6 grenade launcher   [http://www.tulatskib.ru/HTML_a/sgv_prod_a.html RG-6 at the manufacturers website] | XM25 CDTE | AGS-17 | AGS-30 | STK 40 AGL | Howa Type 96 | Daewoo Precision Industries K4 | M75 grenade launcher | M129 grenade launcher | Mk 18 Mod 0 grenade launcher | Mk 19 grenade launcher | Mk 20 Mod 0 grenade launcher | Mk 47 Striker | SB LAG 40 | XM174 grenade launcher | XM307 Advanced Crew Served Weapon | Bazooka | Sturmpistole | PIAT | RPG-2 | RPG-7 | RPG-16 | RPG-26 | RPG-27 | RPG-29 | RPG-30 | RPG-32 | RPG-76 Komar | RPO-A Shmel | Type 69 RPG | Yasin (RPG),"CIS 40 GL|CIS 40 GL (lang:en)
Granatbüchse 39|Granatbüchse 39 (lang:en)
RG-6 grenade launcher|RG-6 grenade launcher (lang:en)
XM307 Advanced Crew Served Weapon|XM307 Advanced Crew Served Weapon (lang:en)
Mk 47 Striker|Mk 47 Striker (lang:en)
...|...
M203|M203 (lang:en)
Granatnik AWGŁ-3|Granatnik AWGŁ-3 (lang:en)
LG1|LG1 (lang:en)
Granatnik RGP-40|Granatnik RGP-40 (lang:en)
XM25 CDTE|XM25 CDTE (lang:en)",Higher accuracy in Table than in KG,LLM-as-a-judge,Qampari_wikitables,long answer
who starred in an officer and a gentleman,Richard Gere | Debra Winger | David Keith | Louis Gossett Jr.,"Victor French|Victor French (lang:en)
Debra Winger|Debra Winger (lang:en)
Grace Zabriskie|Grace Zabriskie (lang:en)
Lisa Eilbacher|Lisa Eilbacher (lang:en)
Lisa Blount|Lisa Blount (lang:en)
...|...
Elizabeth Rogers|Elizabeth Rogers (lang:en)
David Keith|David Keith (lang:en)
Tony Plana|Tony Plana (lang:en)
John Laughlin|John Laughlin (lang:en)
Harold Sylvester|Harold Sylvester (lang:en)",Higher accuracy in Table than in KG,LLM-as-a-judge,NQ_table,long answer
"Name all the battles between the Dutch and English in the First, Second and Third Anglo-Dutch Wars, and list the victor of each battle.","[[['Dover', 'inconclusive'], ['Plymouth', 'Dutch Republic'], ['Elba', 'United Provinces (Dutch victory)'], ['Kentish Knock', 'Commonwealth of England'], ['Dungeness', 'Dutch'], ['Portland', 'Commonwealth of England'], ['Leghorn', 'United Provinces (Dutch victory)'], ['Gabbard', 'Commonwealth of England'], ['Scheveningen', 'English Commonwealth']], [['Lowestoft', 'England'], ['Vågen', ['Dutch Republic', 'Denmark–Norway']], [""Four Days' Battle"", 'Dutch Republic'], [""St. James' Day"", 'England'], [""Holmes'Bonfire"", 'England'], ['Dungeness Raid on the Medway', 'Dutch Republic'], ['Landguard Fort', 'England'], ['New Netherland', 'England'], ['Barbados', 'England'], ['Nevis', 'England'], ['Martinique', 'England'], ['Cayenne', 'England'], ['Fort Zeelandia', 'England']], [['Action of 12 March 1672', 'Dutch Republic'], ['Battle of Solebay', 'Dutch Republic'], ['1st Dutch invasion of Saint Helena', 'Dutch Republic'], ['Dutch Raid on North America', 'Dutch'], ['Reconquest of New Netherland', 'Dutch Republic'], ['Second Battle of the James River (1673)', 'Dutch Republic'], ['2nd Dutch invasion of Saint Helena', 'England'], ['First Battle of the Schooneveld', 'Dutch Republic'], ['Second Battle of the Schooneveld', 'Dutch Republic'], ['Battle of Texel', 'Dutch Republic'], ['Battle of Masulipatnam', 'Dutch Republic'], ['Battle of Ronas Voe', 'Kingdom of England']]]","Action of 29 January 1654 (lang:en)|First Anglo-Dutch War (lang:en)
Battle of Elba (lang:en)|First Anglo-Dutch War (lang:en)
Battle of the Kentish Knock (lang:en)|First Anglo-Dutch War (lang:en)
Battle of Dungeness (lang:en)|First Anglo-Dutch War (lang:en)
Battle of Portland (lang:en)|First Anglo-Dutch War (lang:en)
...|...
Battle of Ronas Voe (lang:en)|Third Anglo-Dutch War (lang:en)
Battles of Schooneveld (lang:en)|Third Anglo-Dutch War (lang:en)
Dutch Raid on North America (lang:en)|Third Anglo-Dutch War (lang:en)
Reconquest of New Netherland (lang:en)|Third Anglo-Dutch War (lang:en)
Dutch invasion of Saint Helena (lang:en)|Third Anglo-Dutch War (lang:en)",Higher accuracy in Table than in KG,LLM-as-a-judge,Monaco_non_time,long answer
Which US presidents did not attend neither Harvard nor Princeton or Yale,"['George Washington', 'Thomas Jefferson', 'James Madison', 'James Monroe', 'Andrew Jackson', 'Martin Van Buren', 'William Henry Harrison', 'John Tyler', 'James K. Polk', 'Zachary Taylor', 'Millard Fillmore', 'Franklin Pierce', 'James Buchanan', 'Abraham Lincoln', 'Andrew Johnson', 'Ulysses S. Grant', 'James A. Garfield', 'Chester A. Arthur', 'Grover Cleveland', 'Benjamin Harrison', 'William McKinley', 'Warren G. Harding', 'Calvin Coolidge', 'Herbert Hoover', 'Harry S. Truman', 'Dwight D. Eisenhower', 'Lyndon B. Johnson', 'Richard Nixon', 'Jimmy Carter', 'Ronald Reagan', 'Donald Trump', 'Joe Biden']","Harry S. Truman|Harry S. Truman (lang:en)
Thomas Jefferson|Thomas Jefferson (lang:en)
James Monroe|James Monroe (lang:en)
Andrew Jackson|Andrew Jackson (lang:en)
Martin Van Buren|Martin Van Buren (lang:en)
...|...
Abraham Lincoln|Abraham Lincoln (lang:en)
Richard Nixon|Richard Nixon (lang:en)
Lyndon B. Johnson|Lyndon B. Johnson (lang:en)
Dwight D. Eisenhower|Dwight D. Eisenhower (lang:en)
Ronald Reagan|Ronald Reagan (lang:en)",Higher accuracy in Table than in KG,LLM-as-a-judge,Monaco_time,long answer
who starred in the movie natural born killers,"Woody Harrelson | Juliette Lewis | Robert Downey, Jr. | Tommy Lee Jones | Tom Sizemore","Pruitt Taylor Vince|Pruitt Taylor Vince (lang:en)
Everett Quinton|Everett Quinton (lang:en)
Matthew Faber|Matthew Faber (lang:en)
Red West|Red West (lang:en)
Robert Downey Jr.|Robert Downey Jr. (lang:en)
...|...
Marshall Bell|Marshall Bell (lang:en)
O-Lan Jones|O-Lan Jones (lang:en)
Peter Crombie|Peter Crombie (lang:en)
Joe Grifasi|Joe Grifasi (lang:en)
James Gammon|James Gammon (lang:en)",Higher accuracy in Table than in KG,LLM-as-a-judge,NQ_table,long answer
What are all the sumo stables ?,Araiso | Arashio | Asahiyama | Asakayama | Dewanoumi | Fujishima | Futagoyama | Hakkaku | Irumagawa | Isegahama | Isenoumi | Kasugano | Kataonami | Kise | Kokonoe | Michinoku | Minato | Miyagino | Naruto | Nishiiwa | Nishikido | Nishonoseki | Oguruma | Oitekaze | Onoe | o Ōnomatsu | o Ōtake | Sadogatake | Sakaigawa | Shibatayama | Shikihide | Shikoroyama | Tagonoura | Takadagawa | Takasago | Tamanoi | Tatsunami | Tokitsukaze | Tokiwayama | Tomozuna | Yamahibiki,"wd:Q109594302|
Nakamura Stable|Nakamura Stable (lang:en)
wd:Q11366860|
Hatachiyama stable|Hatachiyama stable (lang:en)
Futagoyama stable|Futagoyama stable (lang:en)
...|...
Tokitsukaze stable|Tokitsukaze stable (lang:en)
Tomozuna stable|Tomozuna stable (lang:en)
Ōnomatsu stable|Ōnomatsu stable (lang:en)
Ōshima stable|Ōshima stable (lang:en)
Ōtake stable|Ōtake stable (lang:en)",Higher accuracy in Table than in KG,LLM-as-a-judge,Qampari_wikitables,long answer
who starred in the film walk the line,Joaquin Phoenix | Reese Witherspoon | Ginnifer Goodwin | Robert Patrick | Dallas Roberts,"Ginnifer Goodwin|Ginnifer Goodwin (lang:en)|Vivian Liberto (lang:en)
McGhee Monteith|McGhee Monteith (lang:en)|Reba Hancock (lang:en)
Dan Beene|Dan Beene (lang:en)|Ezra Carter (lang:en)
Clay Steakley|Clay Steakley (lang:en)|W. S. Holland (lang:en)
Carly Nahon|Carly Nahon (lang:en)|Reba Hancock (lang:en)
...|...|...
Kid Memphis|Kid Memphis (lang:en)|Carl Perkins (lang:en)
Tyler Hilton|Tyler Hilton (lang:en)|Elvis Presley (lang:en)
Shelby Lynne|Shelby Lynne (lang:en)|Carrie Cloveree Rivers (lang:en)
Hailey Anne Nelson|Hailey Anne Nelson (lang:en)|Rosanne Cash (lang:en)
Johnathan Rice|Johnathan Rice (lang:en)|Roy Orbison (lang:en)",Higher accuracy in Table than in KG,LLM-as-a-judge,NQ_table,long answer
What Stephen King novels had a big / small screen adaptation,"['Carrie', ""'Salem's Lot"", 'The Shining', 'The Stand', 'The Dead Zone', 'Firestarter', 'Cujo', 'The Running Man', 'The Dark Tower: The Gunslinger', 'Christine', 'Pet Sematary', 'Cycle of the Werewolf', 'Thinner', 'It', 'Misery', 'The Tommyknockers', 'The Dark Half', 'Needful Things', ""Gerald's Game"", 'Dolores Claiborne', 'The Green Mile', 'Desperation', 'Bag of Bones', 'Dreamcatcher', 'The Colorado Kid', 'Cell', ""Lisey's Story"", 'Under the Dome', 'Doctor Sleep', 'Mr. Mercedes', 'Finders Keepers', 'End of Watch', 'The Outsider']","The Life of Chuck|The Life of Chuck (lang:en)
Mr. Harrigan's Phone|Mr. Harrigan's Phone (lang:en)
Nightmares & Dreamscapes|Nightmares & Dreamscapes (lang:en)
The Body|The Body (lang:en)
The Monkey|The Monkey (lang:en)
...|...
The Dark Half|The Dark Half (lang:en)
Dolores Claiborne|Dolores Claiborne (lang:en)
Dolan's Cadillac|Dolan's Cadillac (lang:en)
Cycle of the Werewolf|Cycle of the Werewolf (lang:en)
Rita Hayworth and Shawshank Redemption|Rita Hayworth and Shawshank Redemption (lang:en)",Higher accuracy in Table than in KG,LLM-as-a-judge,Monaco_time,long answer
Which museums are dedicated to chocolate ?,Musée de chocolat Jacques | Chocolala Chocolate Museum | Cadbury World | Imhoff-Schokoladenmuseum | Halloren Schokoladenmuseum | Museum of Chocolate (Pokrov) | Museu de la Xocolata | Republic of Chocolate | [[Hersheys Chocolate World]] | The Hershey Story | Candy Americana Museum | Choco-Story New York,"Schokoladenmuseum Dresden|Schokoladenmuseum Dresden (lang:en)
The Chocolate Museum|The Chocolate Museum (lang:en)
Choco-Story Brussels|Choco-Story Brussels (lang:en)
Hershey's Chocolate World|Hershey's Chocolate World (lang:en)
Chocolate Museum|Chocolate Museum (lang:en)
...|...
Schokoladenmuseum Köln|Schokoladenmuseum Köln (lang:en)
Cadbury World|Cadbury World (lang:en)
The Hershey Story|The Hershey Story (lang:en)
MUSCO|MUSCO (lang:en)
Wilbur Chocolate Company|Wilbur Chocolate Company (lang:en)",Different answer,LLM-as-a-judge,Qampari_wikitables,long answer
cast of a nightmare on elm street 1984,John Saxon | Ronee Blakley | Heather Langenkamp | Amanda Wyss | Nick Corri | Johnny Depp | Robert Englund,"Heather Langenkamp|Heather Langenkamp (lang:en)
Amanda Wyss|Amanda Wyss (lang:en)
Joseph Whipp|Joseph Whipp (lang:en)
Ronee Blakley|Ronee Blakley (lang:en)
Jsu Garcia|Jsu Garcia (lang:en)
...|...
Johnny Depp|Johnny Depp (lang:en)
Lin Shaye|Lin Shaye (lang:en)
John Saxon|John Saxon (lang:en)
Joe Unger|Joe Unger (lang:en)
Charles Fleischer|Charles Fleischer (lang:en)",Different answer,LLM-as-a-judge,NQ_table,long answer
What are the exoplanets discovered in 2021 ?,NGTS-14Ab | NGTS-13b | TOI-628 b | TOI-640 b | TOI-1333 A b | TOI-1478 b | TOI-1601 b | OGLE-2019-BLG-0960Lb | HD 110082 b,"TOI-540 b|TOI-540 b (lang:en)
HD 110082 b|HD 110082 b (lang:en)
Su|Su (lang:en)
TOI-1601 b|TOI-1601 b (lang:en)
OGLE-2019-BLG-0960Lb|OGLE-2019-BLG-0960Lb (lang:en)
...|...
K2-138 g|K2-138 g (lang:en)
wd:Q95944758|
wd:Q97030402|
wd:Q97051903|
HD 1916bk|HD 1916bk (lang:en)",Different answer,LLM-as-a-judge,Qampari_wikitables,long answer
who was on the first season of dwts,Trista Sutter | Evander Holyfield | Rachel Hunter | Joey McIntyre | John O'Hurley | Kelly Monaco,"Rachel Hunter|Rachel Hunter (lang:en)
Louis Van Amstel|Louis Van Amstel (lang:en)
Evander Holyfield|Evander Holyfield (lang:en)
John O'Hurley|John O'Hurley (lang:en)
Ashly DelGrosso|Ashly DelGrosso (lang:en)
...|...
Alec Mazo|Alec Mazo (lang:en)
Charlotte Jørgensen|Charlotte Jørgensen (lang:en)
Edyta Śliwińska|Edyta Śliwińska (lang:en)
Jonathan Roberts|Jonathan Roberts (lang:en)
Joey McIntyre|Joey McIntyre (lang:en)",Different answer,LLM-as-a-judge,NQ_table,long answer
What are the current or past space stations ?,Salyut 1 | DOS-2 | Salyut 2 | Kosmos 557 | Skylab | Salyut 3 | Salyut 4 | Salyut 5 | Salyut 6 | Salyut 7 | Mir | Tiangong-1 | Tiangong-2 | Lunar Gateway | Russian Orbital Service Station (ROSS) | Lunar Orbital Station   (LOS) | Manned Orbiting Laboratory 1–7 | Skylab B | OPS-4 | Freedom | Mir-2 | [[Columbus Man-Tended Free Flyer|Columbus MTFF]] | [[Galaxy (spacecraft)|Galaxy]] | [[Excalibur Almaz|Almaz commercial]] | OPSEK,"Salyut 5|Salyut 5 (lang:en)
Tiangong-1|Tiangong-1 (lang:en)
Kosmos 1870|Kosmos 1870 (lang:en)
Almaz 1A|Almaz 1A (lang:en)
Kosmos 557|Kosmos 557 (lang:en)
...|...
Salyut 6|Salyut 6 (lang:en)
Salyut 2|Salyut 2 (lang:en)
Salyut 4|Salyut 4 (lang:en)
Salyut 3|Salyut 3 (lang:en)
Salyut 7|Salyut 7 (lang:en)",Different answer,LLM-as-a-judge,Qampari_wikitables,long answer
What libraries hold more than 15 million books ?,British Library | Library of Congress | Shanghai Library | New York Public Library | Library and Archives Canada | National Diet Library | Bibliothèque nationale de France | National Library of China | Library of the Russian Academy of Sciences | Boston Public Library | New York State Library | Harvard Library | Vernadsky National Library of Ukraine,"Library of Congress|Library of Congress (lang:en)|171636507.0
British Library|British Library (lang:en)|170000000.0
Russian State Library|Russian State Library (lang:en)|127822300.0
New York Public Library|New York Public Library (lang:en)|53100000.0
United States National Agricultural Library|United States National Agricultural Library (lang:en)|50000000.0
...|...|...
Library and Archives Canada|Library and Archives Canada (lang:en)|30000000.0
Library of the Russian Academy of Sciences|Library of the Russian Academy of Sciences (lang:en)|26500000.0
UK Medical Heritage Library|UK Medical Heritage Library (lang:en)|20000000.0
Library and Archives Canada|Library and Archives Canada (lang:en)|20000000.0
University of British Columbia Library|University of British Columbia Library (lang:en)|15800000.0",Different answer,LLM-as-a-judge,Qampari_wikitables,long answer
What are the photovoltaic power stations with a capacity larger than 250 Mw ?,Pavagada Solar Park | Benban Solar Park | Mohammed bin Rashid Al Maktoum Solar Park | Copper Mountain Solar Facility | Mount Signal Solar | Rewa Ultra Mega Solar | Solar Star | Kamuthi Solar Power Project | Dau Tieng Solar Power Project | Desert Sunlight Solar Farm | Topaz Solar Farm | Mula Photovoltaic Power Plant | Springbok Solar Farm | Agua Caliente Solar Project | Mesquite Solar project | Cestas Solar Park | Beacon Solar Project | California Flats Solar Project | Silver State South Solar Project | Stateline Solar | Moapa Southern Paiute,"Gujarat Hybrid Renewable Energy Park|Gujarat Hybrid Renewable Energy Park (lang:en)
Western Green Energy Hub|Western Green Energy Hub (lang:en)
Cauchari Solar Plant|Cauchari Solar Plant (lang:en)
Energiepark Witznitz|Energiepark Witznitz (lang:en)
Ibri II Solar Power Plant|Ibri II Solar Power Plant (lang:en)
...|...
Silver State South Solar Project|Silver State South Solar Project (lang:en)
Sonoran Solar Energy|Sonoran Solar Energy (lang:en)
Mula Photovoltaic Power Plant|Mula Photovoltaic Power Plant (lang:en)
cultana Solar Farm|cultana Solar Farm (lang:en)
Cleve Hill Solar Park|Cleve Hill Solar Park (lang:en)",Different answer,LLM-as-a-judge,Qampari_wikitables,long answer
who starred in the film far from the madding crowd,Carey Mulligan | Matthias Schoenaerts | Michael Sheen | Tom Sturridge | Juno Temple,"Jon Gunn|Jon Gunn (lang:en)
Sam Phillips|Sam Phillips (lang:en)
Carey Mulligan|Carey Mulligan (lang:en)
Mark Wingett|Mark Wingett (lang:en)
Juno Temple|Juno Temple (lang:en)
...|...
Harry Peacock|Harry Peacock (lang:en)
Jessica Barden|Jessica Barden (lang:en)
Tom Sturridge|Tom Sturridge (lang:en)
Tilly Vosburgh|Tilly Vosburgh (lang:en)
Victor McGuire|Victor McGuire (lang:en)",Different answer,LLM-as-a-judge,NQ_table,long answer
who stars in kevin probably save the world,Jason Ritter | JoAnna Garcia Swisher | Kimberly Hebert Gregory | India de Beaufort | J. August Richards | Chloe East | Dustin Ybarra,"J. August Richards
Brandon Quinn
Michael Harney
Trent Garrett
Kimberly Hebert Gregory
...
Kathleen Wilhoite
Lesley Boone
India de Beaufort
Currie Graham
Richard Masur",Different answer,LLM-as-a-judge,NQ_table,long answer
who played in the first fifty shades of grey,Dakota Johnson | Jamie Dornan | Jennifer Ehle | Marcia Gay Harden,"Luke Grimes|Luke Grimes (lang:en)
Max Martini|Max Martini (lang:en)
Dylan Neal|Dylan Neal (lang:en)
Megan Danso|Megan Danso (lang:en)
Marcia Gay Harden|Marcia Gay Harden (lang:en)
...|...
Rachel Skarsten|Rachel Skarsten (lang:en)
Christine Willes|Christine Willes (lang:en)
Callum Keith Rennie|Callum Keith Rennie (lang:en)
Jamie Dornan|Jamie Dornan (lang:en)
Victor Rasuk|Victor Rasuk (lang:en)",Different answer,LLM-as-a-judge,NQ_table,long answer
What are the tunnels with a length larger than 13 km ?,"Gotthard Base Tunnel | Seikan Tunnel | Channel Tunnel | Yulhyeon Tunnel | Lötschberg Base Tunnel | New Guanjiao Tunnel 新关角隧道 | Guadarrama Tunnel | West Qinling Tunnel 西秦岭隧道 | Taihang Tunnel 太行山隧道 | Hakkōda Tunnel | Iwate-Ichinohe Tunnel | Wushaoling Tunnel 乌鞘岭隧道 | Simplon, 2 tubes | Vereina | Apennine Base Tunnel | Mount Macdonald Tunnel | Fréjus | [[Mont dAmbin Base Tunnel]] https://www.telt-sas.com/en/the-first-9-km-of-the-base-tunnel-completed/ | Brenner Base Tunnel | Gaoligongshan Tunnel 高黎贡山隧道 | Koralm Tunnel | Oshima Tunnel | Blix Tunnel","Aki Tunnel|Aki Tunnel (lang:en)|13030.0
Shiziping Tunnel|Shiziping Tunnel (lang:en)|13156.0
Sciliar Tunnel|Sciliar Tunnel (lang:en)|13316.0
Wienerwald Tunnel|Wienerwald Tunnel (lang:en)|13356.0
Erlangshan extra-long tunnel|Erlangshan extra-long tunnel (lang:en)|13469.0
...|...|...
Channel Tunnel|Channel Tunnel (lang:en)|50450.0
Channel Tunnel|Channel Tunnel (lang:en)|50450.0
Seikan Tunnel|Seikan Tunnel (lang:en)|53850.0
Seikan Tunnel|Seikan Tunnel (lang:en)|53850.0
Tur‘at al Khadrāwīyah|Tur‘at al Khadrāwīyah (lang:en)|350000.0",Different answer,LLM-as-a-judge,Qampari_wikitables,long answer
Which Colombian Presidents were over 60 years old when entering office,"['Francisco Javier Zaldúa y Racines', 'Manuel Antonio Sanclemente Sanclemente', 'Laureano Gómez Castro', 'José Manuel Marroquín Ricaurte', 'Marco Fidel Suárez', 'Jorge Holguín Mallarino', 'Pedro Nel Ospina Vázquez', 'Alfonso López Michelsen', 'Julio César Turbay Ayala', 'Virgilio Barco Vargas', 'Gustavo Francisco Petro Urrego']","Alfonso López Michelsen|Alfonso López Michelsen (lang:en)
Álvaro Uribe Vélez|Álvaro Uribe Vélez (lang:en)
Carlos Lemos Simmonds|Carlos Lemos Simmonds (lang:en)
Eliseo Payán|Eliseo Payán (lang:en)
Euclídes de Angulo|Euclídes de Angulo (lang:en)
...|...
Marco Fidel Suárez|Marco Fidel Suárez (lang:en)
Pedro Nel Ospina Vázquez|Pedro Nel Ospina Vázquez (lang:en)
Rafael Núñez|Rafael Núñez (lang:en)
Tomás Cipriano de Mosquera|Tomás Cipriano de Mosquera (lang:en)
Virgilio Barco Vargas|Virgilio Barco Vargas (lang:en)",Different answer,LLM-as-a-judge,Monaco_time,long answer
What are the discovered bog bodies ?,Elling Woman | Grauballe Man | Haraldskær Woman | Huldremose Woman | Tollund Man | Kayhausen Boy | Osterby Man | Cashel Man | Gallagh Man | Old Croghan Man | Weerdinge Men | Yde Girl | Lindow Woman | Lindow Man | Cladh Hallan Skeletons,"Röst girl|Röst girl (lang:en)
Peiting Woman|Peiting Woman (lang:en)
Exloërmond Man|Exloërmond Man (lang:en)
Peat dog from Burlage|Peat dog from Burlage (lang:en)
Zweeloo Woman|Zweeloo Woman (lang:en)
...|...
Yde Girl|Yde Girl (lang:en)
Elling Woman|Elling Woman (lang:en)
Girl of the Uchter Moor|Girl of the Uchter Moor (lang:en)
Ballynahatty woman|Ballynahatty woman (lang:en)
Weerdinge Men|Weerdinge Men (lang:en)",Different answer,LLM-as-a-judge,Qampari_wikitables,long answer
What languages are spoken in Scandinavia,"[['Danish', 'German'], ['Norwegian', 'Kven', 'Romani', 'Scandoromani', 'Norwegian Sign Language'], ['Swedish', 'Sámi', 'Finnish', 'Meänkieli', 'Romani', 'Yiddish'], ['Swedish'], ['Faroese', 'Danish'], ['Finnish', 'Swedish', 'Sami', 'Karelian', 'Finnish Kalo', 'Finnish Sign Language', 'Finland-Swedish Sign Language'], ['Icelandic']]","Traveller Danish|Traveller Danish (lang:en)
Southern Sami|Southern Sami (lang:en)
Meänkieli|Meänkieli (lang:en)
Finnish|Finnish (lang:en)
Kalaallisut|Kalaallisut (lang:en)
...|...
Ume Sami|Ume Sami (lang:en)
Yiddish|Yiddish (lang:en)
Swedish|Swedish (lang:en)
Danish|Danish (lang:en)
Norwegian|Norwegian (lang:en)",Different answer,LLM-as-a-judge,Monaco_non_time,long answer
who helped the british in the french and indian war,Iroquois Confederacy,"Cherokee|Cherokee (lang:en)
Edward Braddock|Edward Braddock (lang:en)
Wabanaki Confederacy|Wabanaki Confederacy (lang:en)
Pierre de Rigaud, Marquis de Vaudreuil-Cavagnal|Pierre de Rigaud, Marquis de Vaudreuil-Cavagnal (lang:en)
Algonquin people|Algonquin people (lang:en)
...|...
Catawba people|Catawba people (lang:en)
James Abercrombie|James Abercrombie (lang:en)
Iroquois|Iroquois (lang:en)
Kingdom of France|Kingdom of France (lang:en)
Lenape|Lenape (lang:en)",Different answer,LLM-as-a-judge,NQ_table,long answer
What are the lighthouses with a height of at least 26 meters ?,Jeddah Light | Yokohama Marine Tower | Palacio Barolo | Lighthouse of Genoa | Phare de Gatteville | Lesnoy Mole Rear Range Light | Mulantou Lighthouse | Baishamen Lighthouse | Punta Penna Lighthouse | Osinovetsky Light | Storozhenskiy Light | Vittoria Light | Recalada a Bahía Blanca Light | Maasvlakte Light | Planier Light | Campen Lighthouse | [[Phare dEckmühl]] | Świnoujście Lighthouse | Adziogol Lighthouse | Bari Light | Lighthouse of Praia da Barra | Calcanhar Lighthouse | Roches-Douvres Light | Nosy Alañaña Light,"Lighthouse of La Coubre|Lighthouse of La Coubre (lang:en)|213.0
Cape Hatteras Lighthouse|Cape Hatteras Lighthouse (lang:en)|210.0
Navassa Island Light|Navassa Island Light (lang:en)|162.0
Pensacola Light|Pensacola Light (lang:en)|150.0
Lighthouse of Alexandria|Lighthouse of Alexandria (lang:en)|137.0
...|...|...
Morro de São Paulo Lighthouse|Morro de São Paulo Lighthouse (lang:en)|26.0
Harrison Point Lighthouse|Harrison Point Lighthouse (lang:en)|26.0
Pensacola Bar Beacon|Pensacola Bar Beacon (lang:en)|26.0
Lighthouse of Cefalù|Lighthouse of Cefalù (lang:en)|26.0
Tinicum Island Rear Range Light|Tinicum Island Rear Range Light (lang:en)|26.0",Different answer,LLM-as-a-judge,Qampari_wikitables,long answer
What military medals are the highest medal in a country ?,Cross to the Heroic Valour in Combat | The Victoria Cross for Australia | The Victoria Cross of Canada | The Valour Cross | The Legion of Honour | The Cross of Honour for Valour | Param Vir Chakra | Medal of Valor | Military Medal | The Victoria Cross for New Zealand | The War Cross with Sword | Order of Virtuti Militari | Hero of the Russian Federation | Order of St. George | Laureate Cross of Saint Ferdinand | The Victoria Cross | Medal of Honor | The Gold Cross of Zimbabwe,"Australia (lang:en)|Victoria Cross for Australia (lang:en)
Azad Hind (lang:en)|Sher-e-Hind (lang:en)
Azad Hind (lang:en)|Vir-e-Hind (lang:en)
Bangladesh (lang:en)|Bir Sreshtho (lang:en)
Canada (lang:en)|Victoria Cross (lang:en)
...|...
Norway (lang:en)|War Cross (lang:en)
Oman (lang:en)|Military Order of Oman (lang:en)
Pakistan (lang:en)|Hilal-i-Jur'at (lang:en)
United Kingdom (lang:en)|Victoria Cross (lang:en)
United States (lang:en)|Medal of Honor (lang:en)",Different answer,LLM-as-a-judge,Qampari_wikitables,long answer
What are all the named continents throughout history ?,Vaalbara | Ur | Kenorland | Atlantica | Baltica | Rodinia | Avalonia | Pannotia | Gondwana | Cimmeria | Laurasia | Pangea | Africa | Asia | Australia | Europe | Pangaea Proxima,"Afrasia (lang:en)
Africa (lang:en)
African continent (lang:en)
African Continent (lang:en)
Afroeurasia (lang:en)
...
the Americas (lang:en)
the New World (lang:en)
The Old Continent (lang:en)
Turtle Island (lang:en)
World Island (lang:en)",Different answer,LLM-as-a-judge,Qampari_wikitables,long answer
In which cities are there clock towers that are not located in Americas or Europe ?,"Sari | Tehran | Acre | Jaffa | Tripoli | Kota Kinabalu, Sabah | Teluk Intan, Perak | Peshawar | Faisalabad | Hyderabad | Jaffna | Colombo | Kurunegala | Piliyandala","Mysore|Mysore (lang:en)
Sivas|Sivas (lang:en)
Peshawar|Peshawar (lang:en)
Mumbai|Mumbai (lang:en)
Rajkot|Rajkot (lang:en)
...|...
Christchurch|Christchurch (lang:en)
Giza|Giza (lang:en)
Hong Kong|Hong Kong (lang:en)
Bandar Seri Begawan|Bandar Seri Begawan (lang:en)
Seeb|Seeb (lang:en)",Different answer,LLM-as-a-judge,Qampari_wikitables,long answer
What is the form of government in all states bordering states that border Germany,"[['Germany', 'federal, parliamentary, representative democratic republic'], ['Slovenia', 'Unitary parliamentary republic'], ['Austria', 'Federal parliamentary republic'], ['Poland', 'Unitary parliamentary republic'], ['Czech Republic', 'Unitary parliamentary republic'], ['Lithuania', 'Unitary semi-presidential republic'], ['Netherlands', 'Unitary parliamentary constitutional monarchy'], ['Belarus', 'presidential republic'], ['Ukraine', 'Unitary semi-presidential republic'], ['Russia', 'Federal semi-presidential republic under an authoritarian dictatorship'], ['Switzerland', 'Federal assembly-independent directorial republic with elements of a semi-direct democracy'], ['Liechtenstein', 'direct democracy'], ['Slovakia', 'Unitary parliamentary republic'], ['Italy', 'Unitary parliamentary republic'], ['Belgium', 'Federal parliamentary'], ['Belgium', 'constitutional monarchy'], ['Luxembourg', 'Unitary parliamentary constitutional monarchy'], ['Hungary', 'parliamentary republic'], ['France', 'Unitary semi-presidential republic'], ['Monaco', 'Unitary parliamentary semi-constitutional monarchy'], ['Andorra', 'Unitary parliamentary constitutional elective diarchy'], ['Spain', 'Unitary parliamentary constitutional monarchy']]","Andorra (lang:en)|parliamentary coprincipality (lang:en)
Austria (lang:en)|federal parliamentary republic (lang:en)
Austria (lang:en)|semi-presidential system (lang:en)
Austria (lang:en)|republic (lang:en)
Belarus (lang:en)|presidential system (lang:en)
...|...
Sweden (lang:en)|constitutional monarchy (lang:en)
Sweden (lang:en)|representative democracy (lang:en)
Switzerland (lang:en)|directorial system (lang:en)
Switzerland (lang:en)|federal republic (lang:en)
Ukraine (lang:en)|semi-presidential system (lang:en)",Different answer,LLM-as-a-judge,Monaco_non_time,long answer
What are the different branches and offices of the Biden White House,"[['{}'], ['Office of the Chief of Staff', 'Office of the National Security Advisor', 'Domestic Policy Council', 'National Economic Council', 'Office of Cabinet Affairs', 'Office of Digital Strategy', 'White House Office of Communications', 'Office of the First Lady', 'Office of Intergovernmental Affairs', 'Office of Legislative Affairs', 'Office of Management and Administration', 'Office of Political Affairs', 'Office of Public Engagement', 'Office of Presidential Personnel', 'Office of Scheduling and Advance', 'Office of the Staff Secretary', 'Office of White House Counsel', 'Oval Office Operations', 'White House Fellows', 'White House Military Office']]","Council of Economic Advisers|Council of Economic Advisers (lang:en)
Council on Environmental Quality|Council on Environmental Quality (lang:en)
Homeland Security Advisor|Homeland Security Advisor (lang:en)
National Labor Relations Board|National Labor Relations Board (lang:en)
Office of Management and Budget|Office of Management and Budget (lang:en)
...|...
United States Homeland Security Council|United States Homeland Security Council (lang:en)
United States National Security Advisor|United States National Security Advisor (lang:en)
United States National Security Council|United States National Security Council (lang:en)
U.S. Special Presidential Envoy for Climate|U.S. Special Presidential Envoy for Climate (lang:en)
White House Office|White House Office (lang:en)",Different answer,LLM-as-a-judge,Monaco_non_time,long answer
"Which NFL teams have wide receivers from Notre Dame university , university of Florida or Louisiana state university","['New England Patriots', 'Cincinnati Bengals', 'Indianapolis Colts', 'Los Angeles Chargers', 'New York Giants', 'Kansas City Chiefs', 'Carolina Panthers', 'Houston Texans', 'Jacksonville Jaguars', 'Dallas Cowboys', 'Washington Commanders', 'Chicago Bears', 'Minnesota Vikings', 'New Orleans Saints', 'Tampa Bay Buccaneers', 'Los Angeles Rams', 'San Francisco 49ers', 'Buffalo Bills', 'Miami Dolphins', 'Pittsburgh Steelers']","Arizona Cardinals|Arizona Cardinals (lang:en)
Atlanta Falcons|Atlanta Falcons (lang:en)
Baltimore Ravens|Baltimore Ravens (lang:en)
Buffalo Bills|Buffalo Bills (lang:en)
Carolina Panthers|Carolina Panthers (lang:en)
...|...
Seattle Seahawks|Seattle Seahawks (lang:en)
St. Louis Rams|St. Louis Rams (lang:en)
Tampa Bay Buccaneers|Tampa Bay Buccaneers (lang:en)
Tennessee Titans|Tennessee Titans (lang:en)
Washington Commanders|Washington Commanders (lang:en)",Different answer,LLM-as-a-judge,Monaco_time,long answer
who are the cast members of ncis new orleans,"Scott Bakula | Lucas Black | Zoe McLellan | Rob Kerkovich | CCH Pounder | Daryl ""Chill"" Mitchell | Shalita Grant | Vanessa Ferlito","James McDaniel|James McDaniel (lang:en)
Tim de Zarn|Tim de Zarn (lang:en)
Titus Odell Makin Jr.|Titus Odell Makin Jr. (lang:en)
Chad Michael Collins|Chad Michael Collins (lang:en)
Charlene Amoia|Charlene Amoia (lang:en)
...|...
Philip Anthony-Rodriguez|Philip Anthony-Rodriguez (lang:en)
Steven Weber|Steven Weber (lang:en)
James Eckhouse|James Eckhouse (lang:en)
Daryl Mitchell|Daryl Mitchell (lang:en)
Brandon Stacy|Brandon Stacy (lang:en)",Different answer,LLM-as-a-judge,NQ_table,long answer
Which weapons are of the type siege engine ?,Siege tower | Battering ram | Catapult | Ballista | Trebuchet | Helepolis | Sambuca | Scorpio | Artillery,"cave house|cave house (lang:en)
nest car|nest car (lang:en)
goose cart|goose cart (lang:en)
gastraphetes|gastraphetes (lang:en)
torsion siege engine|torsion siege engine (lang:en)
...|...
bastida|bastida (lang:en)
siege tower|siege tower (lang:en)
Roman siege engines|Roman siege engines (lang:en)
pre-fire artillery|pre-fire artillery (lang:en)
biffa|biffa (lang:en)",Different answer,LLM-as-a-judge,Qampari_wikitables,long answer
What are the different upper stages used on rockets ?,Agena | Gamma-2 | Blok DM-03 | Centaur | CTS | Delta Cryogenic Second Stage | Electron Second Stage | Exploration Upper Stage | Falcon 9 Second Stage | Fregat | Inertial Upper Stage | KVTK | Payload Assist Module/Star-48B | Salman | Transtage | Volga,"2022 UQ1|2022 UQ1 (lang:en)
Apollo 17 SIVB|Apollo 17 SIVB (lang:en)
Blok DM-03|Blok DM-03 (lang:en)
Blok DM-2|Blok DM-2 (lang:en)
Blok DM-2M|Blok DM-2M (lang:en)
...|...
S-II|S-II (lang:en)
S-IVB|S-IVB (lang:en)
SL-14 rocket body|SL-14 rocket body (lang:en)
SL-1 rocket body|SL-1 rocket body (lang:en)
Transtage 5|Transtage 5 (lang:en)",Different answer,LLM-as-a-judge,Qampari_wikitables,long answer
What are the existing money printing mints ?,"Perth Mint | Austrian Mint | Royal Canadian Mint | China Banknote Printing and Minting Corporation | Royal Danish Mint | Staatliche Münzen Baden-Württemberg | Staatliche Münze Berlin | Hamburgische Münze | Security Printing and Minting Organization | India Government Mint | India Government Mint, Mumbai | India Government Mint, Kolkata | India Government Mint, Hyderabad | India Government Mint, Noida | Monetăria Statului | Saint Petersburg Mint | Royal Mint | Birmingham Mint | Pobjoy Mint | Tower Mint | United States Mint (Four branches) | Zecca | Sydney Mint | Manila Mint | Mints of Scotland | Horndon mint | Charlotte Mint | Dahlonega Mint | New Orleans Mint","Varziner Papierfabrik|Varziner Papierfabrik (lang:en)
National Bank of Ukraine Banknote Printing and Minting Works|National Bank of Ukraine Banknote Printing and Minting Works (lang:en)
Fidelity Printers and Refiners|Fidelity Printers and Refiners (lang:en)
Goznak|Goznak (lang:en)
South African Bank Note Company|South African Bank Note Company (lang:en)
...|...
Korea Minting and Security Printing Corporation|Korea Minting and Security Printing Corporation (lang:en)
Security Printing and Minting Organization|Security Printing and Minting Organization (lang:en)
De La Rue|De La Rue (lang:en)
Note Printing Australia|Note Printing Australia (lang:en)
Oberthur Technologies|Oberthur Technologies (lang:en)",Different answer,LLM-as-a-judge,Qampari_wikitables,long answer
What are the mountain ranges with an height larger than 5600 meters ?,Himalayas | Karakoram (Note 2) | Hindu Kush (Note 2) | Hengduan Mountains (Note 2) | Tian Shan | Kunlun | Andes | Hindu Raj | Alaska Range | Saint Elias Mountains | Caucasus Mountains,"Cordillera Apolobamba|Cordillera Apolobamba (lang:en)
Cordillera Real|Cordillera Real (lang:en)
Cordillera de Lípez|Cordillera de Lípez (lang:en)
Nun-Kun Massif|Nun-Kun Massif (lang:en)
Canadian Rockies|Canadian Rockies (lang:en)
...|...
Nalakankar Himal|Nalakankar Himal (lang:en)
Pangong Range|Pangong Range (lang:en)
Assam Himalaya|Assam Himalaya (lang:en)
Southern Rocky Mountains|Southern Rocky Mountains (lang:en)
West Elk Mountains|West Elk Mountains (lang:en)",Different answer,LLM-as-a-judge,Qampari_wikitables,long answer
What is the ethnicity of the main protagonists in each GTA game,"[['Grand Theft Auto: Chinatown Wars', 'Chinese-American'], ['Grand Theft Auto: Vice City', 'Italian-American'], ['Grand Theft Auto: San Andreas', 'African-American'], ['Grand Theft Auto IV', 'Eastern European'], ['Grand Theft Auto: The Ballad of Gay Tony', 'Dominican-American'], ['Grand Theft Auto: Liberty City Stories', 'Italian'], ['Grand Theft Auto: Vice City Stories', 'Black'], ['Grand Theft Auto V', 'Canadian-American']]","Grand Theft Auto|Grand Theft Auto (lang:en)|Kivlov|Kivlov (lang:en)|white people|white people (lang:en)
Grand Theft Auto|Grand Theft Auto (lang:en)|Travis|Travis (lang:en)|white people|white people (lang:en)
Grand Theft Auto III|Grand Theft Auto III (lang:en)|Toni Cipriani|Toni Cipriani (lang:en)|Italian Americans|Italian Americans (lang:en)
Grand Theft Auto: San Andreas|Grand Theft Auto: San Andreas (lang:en)|Sean Johnson|Sean Johnson (lang:en)|African Americans|African Americans (lang:en)
Grand Theft Auto: San Andreas|Grand Theft Auto: San Andreas (lang:en)|Carl Johnson|Carl Johnson (lang:en)|African Americans|African Americans (lang:en)
...|...|...|...|...|...
Grand Theft Auto: Liberty City Stories|Grand Theft Auto: Liberty City Stories (lang:en)|Ma Cipriani|Ma Cipriani (lang:en)|Italian Americans|Italian Americans (lang:en)
Grand Theft Auto IV|Grand Theft Auto IV (lang:en)|Roman Bellic|Roman Bellic (lang:en)|Serbian Americans|Serbian Americans (lang:en)
Grand Theft Auto IV: The Lost and Damned|Grand Theft Auto IV: The Lost and Damned (lang:en)|Roman Bellic|Roman Bellic (lang:en)|Serbian Americans|Serbian Americans (lang:en)
Grand Theft Auto: The Ballad of Gay Tony|Grand Theft Auto: The Ballad of Gay Tony (lang:en)|Roman Bellic|Roman Bellic (lang:en)|Serbian Americans|Serbian Americans (lang:en)
Grand Theft Auto: Chinatown Wars|Grand Theft Auto: Chinatown Wars (lang:en)|Huang Lee|Huang Lee (lang:en)|Chinese people|Chinese people (lang:en)",Different answer,LLM-as-a-judge,Monaco_time,long answer
What are the existring aircraft carriers ?,[[Soviet aircraft carrier Admiral Gorshkov|Admiral Flota Sovetskogo Soyuza Gorshkov]] | [[Japanese aircraft carrier Akagi|Akagi]] | [[Japanese aircraft carrier Amagi|Amagi]] | [[Italian aircraft carrier Aquila|Aquila]] | [[Soviet aircraft carrier Admiral Gorshkov|Baku]] | [[HTMS Chakri Naruebet|Chakri Naruebet]] | [[Japanese aircraft carrier Chitose|Chitose]] | [[Japanese aircraft carrier Chiyoda|Chiyoda]] | [[Japanese aircraft carrier Chūyō|Chuyo]] | [[Spanish aircraft carrier Dédalo|Dédalo]] | [[Italian aircraft carrier Sparviero|Falco]] | [[German aircraft carrier Graf Zeppelin|Graf Zeppelin]] | [[Japanese aircraft carrier Hiryū|Hiryū]] | [[Japanese aircraft carrier Hiyō|Hiyō]] | [[Japanese aircraft carrier Hōshō|Hōshō]] | [[Japanese cruiser Ibuki (1943)|Ibuki]] | Izumo | [[French aircraft carrier Joffre|Joffre]] | [[Japanese aircraft carrier Kaga|Kaga]] | Kaga | [[Japanese aircraft carrier Katsuragi|Katsuragi]] | [[Soviet aircraft carrier Kiev|Kiev]] | [[Soviet aircraft carrier Ulyanovsk|Kremlin]] | [[Chinese aircraft carrier Liaoning|Liaoning]] | [[Brazilian aircraft carrier Minas Gerais|Minas Gerais]] | [[Soviet aircraft carrier Minsk|Minsk]] | [[Soviet aircraft carrier Novorossiysk|Novorossiysk]] | Richelieu (PA2) | [[Japanese aircraft carrier Ryūhō|Ryūhō]] | [[Japanese aircraft carrier Ryūjō|Ryūjō]] | [[Chinese aircraft carrier Shandong|Shandong]] | [[Japanese aircraft carrier Shinano|Shinano]] | [[Japanese aircraft carrier Shōhō|Shōhō]] | [[Japanese aircraft carrier Shōkaku|Shōkaku]] | [[Japanese aircraft carrier Sōryū|Sōryū]] | [[Italian aircraft carrier Sparviero|Sparviero]] | [[Japanese aircraft carrier Taihō|Taihō]] | [[Japanese aircraft carrier Taiyō|Taiyō]] | [[Type 003 aircraft carrier|Type 003]] | [[Type 004 aircraft carrier|Type 004]] | [[Japanese aircraft carrier Unryū|Unryū]] | [[ARA Veinticinco de Mayo (V-2)|Veinticinco de Mayo]] | [[German cruiser Seydlitz|Weser]] | [[Japanese aircraft carrier Zuihō|Zuihō]] | [[Japanese aircraft carrier Zuikaku|Zuikaku]],"Admiral Kuznetsov|Admiral Kuznetsov (lang:en)
Chūyō|Chūyō (lang:en)
Commandant Teste|Commandant Teste (lang:en)
Enterprise|Enterprise (lang:en)
German aircraft carrier Graf Zeppelin|German aircraft carrier Graf Zeppelin (lang:en)
...|...
USS Long Island|USS Long Island (lang:en)
USS Nimitz|USS Nimitz (lang:en)
USS Ranger|USS Ranger (lang:en)
USS Wasp|USS Wasp (lang:en)
USS Yorktown|USS Yorktown (lang:en)",Different answer,LLM-as-a-judge,Qampari_wikitables,long answer
who won entertainer of the year country music awards,Garth Brooks,"Alan Jackson|Alan Jackson (lang:en)
Barbara Mandrell|Barbara Mandrell (lang:en)
Charlie Rich|Charlie Rich (lang:en)
Dolly Parton|Dolly Parton (lang:en)
Eric Church|Eric Church (lang:en)
...|...
Glen Campbell|Glen Campbell (lang:en)
John Denver|John Denver (lang:en)
Ronnie Milsap|Ronnie Milsap (lang:en)
Shania Twain|Shania Twain (lang:en)
Willie Nelson|Willie Nelson (lang:en)",Different answer,LLM-as-a-judge,NQ_table,long answer
who won entertainer of the year country music awards,Garth Brooks,"John Denver|John Denver (lang:en)
Shania Twain|Shania Twain (lang:en)
Glen Campbell|Glen Campbell (lang:en)
Dolly Parton|Dolly Parton (lang:en)
Willie Nelson|Willie Nelson (lang:en)
...|...
Barbara Mandrell|Barbara Mandrell (lang:en)
Alan Jackson|Alan Jackson (lang:en)
Ronnie Milsap|Ronnie Milsap (lang:en)
Charlie Rich|Charlie Rich (lang:en)
Eric Church|Eric Church (lang:en)",Different answer,LLM-as-a-judge,NQ_table,long answer
Who played cricket and rugby at a high level ?,Johnny Brown | Herbie Collins | Bill Farnsworth | Andrew Johns | Graeme Hughes | Jock Livingston | Ray Lindwall | Sel Belsham | Charles Finlayson | Verdun Scott,"Robert McKenzie|Robert McKenzie (lang:en)
Francis John Hannam|Francis John Hannam (lang:en)
Kaylum Boshier|Kaylum Boshier (lang:en)
Brian Pfaff|Brian Pfaff (lang:en)
Jim McNeece|Jim McNeece (lang:en)
...|...
William Millton|William Millton (lang:en)
William Wynyard|William Wynyard (lang:en)
Conway Rees|Conway Rees (lang:en)
Ronald Scobie|Ronald Scobie (lang:en)
Nick Mallett|Nick Mallett (lang:en)",Different answer,LLM-as-a-judge,Qampari_wikitables,long answer
What are the birth countries of players in roster of the Denver Nuggests,"['U.S.', 'Slovenia', 'United States', 'Serbia', 'Canada', 'US', 'Beverley Hills, California, U.S', 'Australia']","Bosnia and Herzegovina (lang:en)
Brazil (lang:en)
Canada (lang:en)
Croatia (lang:en)
Czech Republic (lang:en)
...
Serbia (lang:en)
Spain (lang:en)
Trinidad and Tobago (lang:en)
United Kingdom (lang:en)
United States (lang:en)",Different answer,LLM-as-a-judge,Monaco_time,long answer
What were the former occupations of the Booker Prize winners over the past decade,"[['director and screenwriter'], ['English and creative writing teacher'], ['Psychology student'], ['technical writer', 'geophysical engineer'], ['None'], ['None'], ['theatre operator'], ['fashion designer'], ['novelist and playwright'], ['advertising'], ['deputy chief sub-editor and chief film critic for The Sunday Tribune']]","George Saunders|George Saunders (lang:en)|prose writer|prose writer (lang:en)
George Saunders|George Saunders (lang:en)|university teacher|university teacher (lang:en)
George Saunders|George Saunders (lang:en)|journalist|journalist (lang:en)
George Saunders|George Saunders (lang:en)|geological engineer|geological engineer (lang:en)
George Saunders|George Saunders (lang:en)|translator|translator (lang:en)
...|...|...|...
Paul Lynch|Paul Lynch (lang:en)|literary critic|literary critic (lang:en)
Eleanor Catton|Eleanor Catton (lang:en)|screenwriter|screenwriter (lang:en)
Paul Beatty|Paul Beatty (lang:en)|poet|poet (lang:en)
Bernardine Evaristo|Bernardine Evaristo (lang:en)|university teacher|university teacher (lang:en)
Douglas Stuart|Douglas Stuart (lang:en)|fashion designer|fashion designer (lang:en)",Different answer,LLM-as-a-judge,Monaco_time,long answer
Which historical figures have an entire Parisian museum dedicated to them,"[['Auguste Comte'], ['Honoré de Balzac'], ['Victor Hugo'], ['Pierre Curie', 'Marie Curie'], ['Antoine Bourdelle'], ['Georges Clemenceau'], ['Marie Curie'], ['Pierre Fauchard'], ['{}'], ['Jean Moulin'], ['Édith Piaf'], ['Edouard Branly'], ['Aristide Maillol'], ['Claude Monet'], ['Henri Moissan'], ['Eugène Delacroix'], ['Gustave Moreau'], ['Jean-Jacques Henner'], ['Louis Pasteur'], ['Pablo Picasso'], ['Pierre Cardin'], ['Auguste Rodin'], ['Valentin Haüy'], ['Yves Saint Laurent'], ['Ossip Zadkine'], ['Salvador Dalí'], ['Jean Dubuffet'], ['Henri Cartier-Bresson', 'Martine Franck']]","Henri Cartier-Bresson|Henri Cartier-Bresson (lang:en)
Georges Pompidou|Georges Pompidou (lang:en)
Maria Brignole Sale De Ferrari|Maria Brignole Sale De Ferrari (lang:en)
Jérôme Seydoux|Jérôme Seydoux (lang:en)
Pierre Curie|Pierre Curie (lang:en)
...|...
Marie Curie|
Charles X of France|Charles X of France (lang:en)
Adam Mickiewicz|Adam Mickiewicz (lang:en)
Jacques Cousteau|Jacques Cousteau (lang:en)
Honoré de Balzac|Honoré de Balzac (lang:en)",Different answer,LLM-as-a-judge,Monaco_time,long answer
what type of government is in north america,Federal presidential constitutional republic,"Antigua and Barbuda (lang:en)|constitutional monarchy (lang:en)
Aruba (lang:en)|monarchy (lang:en)
Barbados (lang:en)|parliamentary republic (lang:en)
Barbados (lang:en)|unitary state (lang:en)
Belize (lang:en)|constitutional monarchy (lang:en)
...|...
Saint Vincent and the Grenadines (lang:en)|constitutional monarchy (lang:en)
The Bahamas (lang:en)|constitutional monarchy (lang:en)
Trinidad and Tobago (lang:en)|parliamentary republic (lang:en)
United States (lang:en)|constitutional republic (lang:en)
United States (lang:en)|democratic republic (lang:en)",Different answer,LLM-as-a-judge,NQ_table,long answer
who starred in the movie the day the earth stood still,Keanu Reeves | Jennifer Connelly | Jaden Smith | Kathy Bates | Jon Hamm | John Cleese | Kyle Chandler,"Frances Bavier|Frances Bavier (lang:en)
Hugh Marlowe|Hugh Marlowe (lang:en)
Lock Martin|Lock Martin (lang:en)
Patricia Neal|Patricia Neal (lang:en)
Michael Rennie|Michael Rennie (lang:en)
...|...
James Hong|James Hong (lang:en)
Snub Pollard|Snub Pollard (lang:en)
Billy Gray|Billy Gray (lang:en)
Harry Harvey|Harry Harvey (lang:en)
Sam Jaffe|Sam Jaffe (lang:en)",Different answer,LLM-as-a-judge,NQ_table,long answer
Which of the current NFL head coaches also played on an NFL team themselves,"['Frank Reich', 'Zac Taylor', 'Sean Payton', 'Dan Campbell', 'DeMeco Ryans', 'Doug Pederson', ""Kevin O'Connell"", 'Dennis Allen', 'Todd Bowles', 'Mike Vrabel', 'Ron Rivera']","Mike Vrabel|Mike Vrabel (lang:en)|New England Patriots (lang:en)
Antonio Pierce|Antonio Pierce (lang:en)|Las Vegas Raiders (lang:en)
Sean Payton|Sean Payton (lang:en)|Denver Broncos (lang:en)
Jim Harbaugh|Jim Harbaugh (lang:en)|Los Angeles Chargers (lang:en)
Dan Campbell|Dan Campbell (lang:en)|Detroit Lions (lang:en)
...|...|...
Jeff Ulbrich|Jeff Ulbrich (lang:en)|New York Jets (lang:en)
Kevin O'Connell|Kevin O'Connell (lang:en)|Minnesota Vikings (lang:en)
Sean McVay|Sean McVay (lang:en)|Los Angeles Rams (lang:en)
Thomas Brown|Thomas Brown (lang:en)|Chicago Bears (lang:en)
DeMeco Ryans|DeMeco Ryans (lang:en)|Houston Texans (lang:en)",Different answer,LLM-as-a-judge,Monaco_time,long answer
What was the average voter turnout in percentage over the last ten years in each OECD country,"[['Austria', 73.40714285714286], ['Belgium', 88.41499999999999], ['Estonia', 63.81], ['Germany', 75.85], ['Hungary', 69.66], ['Japan', 54.49666666666667], ['Latvia', 59.052], ['Lithuania', 52.374], ['Netherlands', 79.45333333333333], ['New Zealand', 80.08], ['Norway', 77.765], ['Poland', 60.572857142857146], ['Spain', 69.28], ['Sweden', 79.02], ['Switzerland', 47.402], ['United Kingdom', 66.9], ['Czech Republic', 64.926], ['Denmark', 85.598], ['Luxembourg', 90.172], ['France', 61.643], ['Italy', 72.975], ['Australia', 91.4875], ['Canada', 65.86666666666666], ['Chile', 49.6775], ['Colombia', 52.12833333333333], ['Costa Rica', 63.5275], ['Finland', 70.56714285714285], ['Greece', 57.36], ['Iceland', 77.52000000000001], ['Ireland', 57.85], ['Israel', 70.03666666666666], ['South Korea', 67.10625], ['Mexico', 59.806], ['Portugal', 51.948], ['Slovakia', 53.02066666666666], ['Slovenia', 55.942], ['Turkey', 85.69285714285715], ['United States', 54.425]]","New Zealand|New Zealand (lang:en)|99.09001534007
Belgium|Belgium (lang:en)|88.42674745961
Luxembourg|Luxembourg (lang:en)|86.98066615581
Turkey|Turkey (lang:en)|85.80926496293
Sweden|Sweden (lang:en)|85.27567859071
...|...|...
Switzerland|Switzerland (lang:en)|47.70247763733
Portugal|Portugal (lang:en)|46.579093164
Lithuania|Lithuania (lang:en)|44.51395627374
Slovenia|Slovenia (lang:en)|44.32578594641
United Kingdom|United Kingdom (lang:en)|33.4734888439",Different answer,LLM-as-a-judge,Monaco_time,long answer
What are unemployment rates in all EU member states not currently governed by a right-wing (or right leaning) party,"[['Bulgaria', '4.3'], ['Croatia', '5.77'], ['Denmark', '4.89'], ['Germany', '3.29'], ['Lithuania', '6.3'], ['Malta', '2.5'], ['Poland', '2.93'], ['Romania', '5.60%'], ['Slovakia', '5.9'], ['Slovenia', '3.72'], ['Spain', '10.61']]","France|France (lang:en)|10.0
France|France (lang:en)|10.0
France|France (lang:en)|10.0
Germany|Germany (lang:en)|6.1
Estonia|Estonia (lang:en)|5.4
...|...|...
Italy|Italy (lang:en)|8.1
Italy|Italy (lang:en)|8.1
Austria|Austria (lang:en)|5.0
Greece|Greece (lang:en)|18.5
Portugal|Portugal (lang:en)|14.0",Different answer,LLM-as-a-judge,Monaco_time,long answer
What are the residential buildings with a height larger than 250 m ?,Pentominium | Ocean One Tower | 45 Broad Street | Marina City II | Tregunter Tower 3 | [[The Belchers|The Belchers 1]] | Trump World Tower | 21st Century Tower | Q1 | The Marina Torch | Elite Residence | Princess Tower | 432 Park Avenue | Central Park Tower,"DAMAC Heights|335.0
One57|1005.0
One57|257.0
220 Central Park South|290.2
Sulafa Tower|285.0
...|...
Kami-kawabata Building|24820.0
Laurahütte|370.0
Fifteen Fifty|422.0
Four Seasons Private Residences Bangkok|299.5
Highland House Tower|263.0",Different answer,LLM-as-a-judge,Qampari_wikitables,long answer
What titles did the fathers of Henry VIII wives hold,"[['King of Aragon', 'King of Castile'], ['Earl of Wiltshire', '1st Earl of Ormond', '1st Viscount Rochford'], ['Knight banneret'], ['Duke of Cleves', 'Count of Mark', 'Lord of Ravensberg'], ['Marshal of the Horse', 'Controller of Calais'], ['Master of the Wards', 'Master of the Guards', 'Comptroller to the King', 'High Sheriff of Northamptonshire', 'High Sheriff of Lincolnshire']]","Duke of Gandía|Duke of Gandía (lang:en)
ambassador|ambassador (lang:en)
Member of Parliament in the Parliament of England|Member of Parliament in the Parliament of England (lang:en)
regent|regent (lang:en)
Count of Ribagorza|Count of Ribagorza (lang:en)
...|...
King of Castile and León (Iure uxoris)|King of Castile and León (Iure uxoris) (lang:en)
Member of the 1529-36 Parliament|Member of the 1529-36 Parliament (lang:en)
Grand Master of the Order of Santiago|Grand Master of the Order of Santiago (lang:en)
Treasurer of the Household|Treasurer of the Household (lang:en)
Lord Privy Seal|Lord Privy Seal (lang:en)",Different answer,LLM-as-a-judge,Monaco_non_time,long answer
who starred in the pirates of the caribbean,Johnny Depp | Geoffrey Rush | Kevin McNally | Orlando Bloom | Keira Knightley | Jack Davenport | Jonathan Pryce,"Guy Siner|Guy Siner (lang:en)
Damian O'Hare|Damian O'Hare (lang:en)
David Schofield|David Schofield (lang:en)
Greg Ellis|Greg Ellis (lang:en)
Reggie Lee|Reggie Lee (lang:en)
...|...
Bruce Spence|Bruce Spence (lang:en)
Ron Bottitta|Ron Bottitta (lang:en)
Brenton Thwaites|Brenton Thwaites (lang:en)
Omar Gooding|Omar Gooding (lang:en)
Hakeem Kae-Kazim|Hakeem Kae-Kazim (lang:en)",Different answer,LLM-as-a-judge,NQ_table,long answer
who won the academy award for best original musical score,Alexandre Desplat,"Georgie Stoll|Georgie Stoll (lang:en)
André Previn|André Previn (lang:en)
Morris Stoloff|Morris Stoloff (lang:en)
Roger Edens|Roger Edens (lang:en)
Lionel Newman|Lionel Newman (lang:en)
...|...
Saul Chaplin|Saul Chaplin (lang:en)
Johnny Green|Johnny Green (lang:en)
Oliver Wallace|Oliver Wallace (lang:en)
Ray Heindorf|Ray Heindorf (lang:en)
Frank Churchill|Frank Churchill (lang:en)",Different answer,LLM-as-a-judge,NQ_table,long answer
Who played Steven Harper in Boston Public?,Chi McBride,"Fyvush Finkel|Fyvush Finkel (lang:en)
Jessalyn Gilsig|Jessalyn Gilsig (lang:en)
Kathy Baker|Kathy Baker (lang:en)
Loretta Devine|Loretta Devine (lang:en)
Sharon Leal|Sharon Leal (lang:en)
...|...
Tom McCarthy|Tom McCarthy (lang:en)
Rashida Jones|Rashida Jones (lang:en)
Anthony Heald|Anthony Heald (lang:en)
Joey Slotnick|Joey Slotnick (lang:en)
Nicky Katt|Nicky Katt (lang:en)",Different answer,LLM-as-a-judge,CompMix_table,long answer
Who are the children of the last three US presidents,"[['Beau', 'Hunter', 'Naomi', 'Ashley'], ['Donald Jr.', 'Ivanka', 'Eric', 'Tiffany', 'Barron'], ['Malia', 'Sasha']]","Donald Trump|Donald Trump (lang:en)|Tiffany Trump|Tiffany Trump (lang:en)
Donald Trump|Donald Trump (lang:en)|Barron Trump|Barron Trump (lang:en)
Donald Trump|Donald Trump (lang:en)|Ivanka Trump|Ivanka Trump (lang:en)
Donald Trump|Donald Trump (lang:en)|Donald Trump Jr.|Donald Trump Jr. (lang:en)
Donald Trump|Donald Trump (lang:en)|Eric Trump|Eric Trump (lang:en)
...|...|...|...
Joe Biden|Joe Biden (lang:en)|Beau Biden|Beau Biden (lang:en)
Joe Biden|Joe Biden (lang:en)|Ashley Biden|Ashley Biden (lang:en)
Joe Biden|Joe Biden (lang:en)|Amy Biden|Amy Biden (lang:en)
Barack Obama|Barack Obama (lang:en)|Malia Obama|Malia Obama (lang:en)
Barack Obama|Barack Obama (lang:en)|Sasha Obama|Sasha Obama (lang:en)",Different answer,LLM-as-a-judge,Monaco_time,long answer
What are the main prevention methods for each of the four most common cancers among women,"[['colorectal cancer', 'Diagnosis of cases of colorectal cancer through screening'], ['colorectal cancer', 'engaging in physical activity'], ['colorectal cancer', 'consuming a diet high in fiber'], ['colorectal cancer', 'quitting smoking and limiting alcohol consumption'], ['colorectal cancer', 'Aspirin'], ['colorectal cancer', 'celecoxib'], ['cervical cancer', 'Pap test screening'], ['lung cancer', 'avoid hazardous chemicals and quit smoking'], ['breast cancer', 'maintaining a healthy weight'], ['breast cancer', 'reducing alcohol use'], ['breast cancer', 'increasing physical activity'], ['breast cancer', 'breast-feeding'], ['breast cancer', 'Removal of both breasts before any cancer has been diagnosed or any suspicious lump or other lesion has appeared'], ['breast cancer', 'selective estrogen receptor modulators'], ['breast cancer', 'Aromatase inhibitors']]","breast cancer|breast cancer management
breast cancer|idarubicin
breast cancer|doxorubicin
breast cancer|letrozole
breast cancer|melphalan
...|...
breast cancer|dexrazoxane
breast cancer|fulvestrant
breast cancer|neratinib
breast cancer|leuprolide
colorectal cancer|irinotecan",Different answer,LLM-as-a-judge,Monaco_non_time,long answer
Who are the NBA MVP players that have never won a championship,"['Allen Iverson', 'Charles Barkley', 'Derrick Rose', 'James Harden', 'Joel Embiid', 'Karl Malone', 'Russell Westbrook', 'Steve Nash']","Magic Johnson|Magic Johnson (lang:en)
James Harden|James Biden (lang:en)
Shaquille O'Neal|Shaquille O'Neal (lang:en)
Nikola Jokić|Nikola Jokić (lang:en)
Oscar Robertson|Oscar Robertson (lang:en)
...|...
Michael Jordan|Michael Jordan (lang:en)
Dirk Nowitzki|Dirk Nowitzki (lang:en)
Wes Unseld|Wes Unseld (lang:en)
Bob McAdoo|Bob McAdoo (lang:en)
Giannis Antetokounmpo|Giannis Antetokounmpo (lang:en)",Different answer,LLM-as-a-judge,Monaco_time,long answer
where is natural gas found in the us,Texas | Louisiana | Arkansas | New Mexico | Colorado | Pennsylvania | West Virginia | Wyoming,"Lost Hills Oil Field|Lost Hills Oil Field (lang:en)
Jonah Field|Jonah Field (lang:en)
Marcellus natural gas trend|Marcellus natural gas trend (lang:en)
East Texas Oil Field|East Texas Oil Field (lang:en)
La Goleta Gas Field|La Goleta Gas Field (lang:en)
...|...
North Belridge Oil Field|North Belridge Oil Field (lang:en)
Rio Vista Gas Field|Rio Vista Gas Field (lang:en)
South Belridge Oil Field|South Belridge Oil Field (lang:en)
Squaw Canyon Oil Field|Squaw Canyon Oil Field (lang:en)
Tin Cup Oil Field|Tin Cup Oil Field (lang:en)",Different answer,LLM-as-a-judge,NQ_table,long answer
what is the rate limiting enzyme of kreb's cycle,Isocitrate dehydrogenase,"citrate synthase|citrate synthase (lang:en)
Type II citrate synthase HP0026|Type II citrate synthase HP0026 (lang:en)
Methylcitrate synthase PA0795|Methylcitrate synthase PA0795 (lang:en)
2-methylcitrate synthase ECIAI39_0347|2-methylcitrate synthase ECIAI39_0347 (lang:en)
Type II citrate synthase ECIAI39_0677|Type II citrate synthase ECIAI39_0677 (lang:en)
...|...
citrate synthase|citrate synthase (lang:en)
citrate synthase|citrate synthase (lang:en)
citrate synthase|citrate synthase (lang:en)
citrate synthase, putative|citrate synthase, putative (lang:en)
citrate synthase I|citrate synthase I (lang:en)",Different answer,LLM-as-a-judge,NQ_table,long answer
Which actors or actresses appeared in more than two films directed by Quentin Tarantino,"['Quentin Tarantino', 'Tim Roth', 'Michael Madsen', 'Lawrence Bender', 'Bruce Willis', 'Samuel L. Jackson', 'Uma Thurman', 'Julie Dreyfus', 'Michael Parks', 'James Parks', 'Kurt Russell', 'Zoë Bell']","Quentin Tarantino|Quentin Tarantino (lang:en)|11
wd:Q220584|Michael Madsen (lang:en)|7
Samuel L. Jackson|Samuel L. Jackson (lang:en)|6
Zoë Bell|Zoë Bell (lang:en)|6
James Parks|James Parks (lang:en)|5
...|...|...
wd:Q187038|David Carradine (lang:en)|3
Michael Bacall|Michael Bacall (lang:en)|3
Lucy Liu|Lucy Liu (lang:en)|3
Vivica A. Fox|Vivica A. Fox (lang:en)|3
Daryl Hannah|Daryl Hannah (lang:en)|3",Different answer,LLM-as-a-judge,Monaco_time,long answer
Where are located protected areas with an area larger than 250000 km squared ?,Ross Sea | Hawaii and Midway Atoll | Coral Sea | Northeast Greenland | Pitcairn Islands | British Indian Ocean Territory (disputed by Mauritius) | Kermadec Islands | Ascension Island | Phoenix Islands | Great Barrier Reef | Ellesmere Island,"Peru (lang:en)|2510694.0
United States (lang:en)|1508870.0
Peru (lang:en)|1091416.0
Greenland (lang:en)|972000.0
Australia (lang:en)|960846.0
...|...
Russia (lang:en)|300420.0
People's Republic of China (lang:en)|298000.0
Philippines (lang:en)|278914.0
South Korea (lang:en)|274541.0
United States (lang:en)|269773.0",Different answer,LLM-as-a-judge,Qampari_wikitables,long answer
"Of the current NFL head coaches, which ones were hired to this position while in their 40s","['Jonathan Gannon', 'John Harbaugh', 'Sean McDermott', 'Matt LaFleur', 'Josh McDaniels', 'Bill Belichick', 'Brian Daboll', 'Robert Saleh', 'Nick Sirianni', 'Mike Vrabel', 'Dan Campbell']","Brian Daboll|Brian Daboll (lang:en)|New York Giants|New York Giants (lang:en)|1975-04-14T00:00:00Z|2022-01-01T00:00:00Z
Matt LaFleur|Matt LaFleur (lang:en)|Green Bay Packers|Green Bay Packers (lang:en)|1979-11-03T00:00:00Z|2019-01-01T00:00:00Z
Jeff Ulbrich|Jeff Ulbrich (lang:en)|New York Jets|New York Jets (lang:en)|1977-02-17T00:00:00Z|2024-10-08T00:00:00Z
Nick Sirianni|Nick Sirianni (lang:en)|Philadelphia Eagles|Philadelphia Eagles (lang:en)|1981-06-15T00:00:00Z|2021-01-01T00:00:00Z
Sean McDermott|Sean McDermott (lang:en)|Buffalo Bills|Buffalo Bills (lang:en)|1974-03-21T00:00:00Z|2017-01-01T00:00:00Z
...|...|...|...|...|...
Raheem Morris|Raheem Morris (lang:en)|Atlanta Falcons|Atlanta Falcons (lang:en)|1976-09-03T00:00:00Z|2020-01-01T00:00:00Z
John Harbaugh|John Harbaugh (lang:en)|Baltimore Ravens|Baltimore Ravens (lang:en)|1962-09-23T00:00:00Z|2008-01-19T00:00:00Z
Brian Callahan|Brian Callahan (lang:en)|Tennessee Titans|Tennessee Titans (lang:en)|1984-06-10T00:00:00Z|2024-01-01T00:00:00Z
Antonio Pierce|Antonio Pierce (lang:en)|Las Vegas Raiders|Las Vegas Raiders (lang:en)|1978-10-26T00:00:00Z|2023-01-01T00:00:00Z
Dave Canales|Dave Canales (lang:en)|Carolina Panthers|Carolina Panthers (lang:en)|1981-05-07T00:00:00Z|2024-01-01T00:00:00Z",Different answer,LLM-as-a-judge,Monaco_time,long answer
List female poets of Andalusian Spain along with their year of birth and year of death.,"[['Aisha (poet)', '10 century CE', '1009 or 1010 CE'], ['Maria Alphaizuli', '8th century CE', '8th century CE'], [""Buthaina bint al-Mu'tamid ibn Abbad"", '1070 CE', 'probably early 12 century CE'], ['Al-Gassaniyya', '10th or 11th century', '11th century CE'], ['Hafsa bint al-Hajj al-Rukuniyya', '1135 CE', '1190–91 CE'], ['Hamda bint Ziyad al-Muaddib', '12th century CE', '12 century CE'], ['Lubna of Córdoba', 'second half of the 10th century', 'after 962 CE'], ['Muhja bint al-Tayyani', '11th century CE', '1097 CE'], ['Nazhun al-Garnatiya bint al-Qulaiʽiya', '12th century', '12th-century CE'], ['Qasmuna', '11th or 12th century CE', '12th century CE'], ['Al-Rumaikiyya', 'c. 1045-1047', '1091 CE'], ['Umm Al-Kiram', 'late 11th century', 'late 11 century to early 12 century CE'], [""Umm Assa'd bint Isam al-Himyari"", 'unknown', '1243 CE'], ['Wallada bint al-Mustakfi', '994 CE or 1001 CE', '26 March 1091'], ['Zaynab al-Mariyya', '11th–13th centuries', '11th or 12 century CE']]","Yaḥyā Ibn-Ḥakam al-Ġazāl|Yaḥyā Ibn-Ḥakam al-Ġazāl (lang:en)|772|866
Álvaro of Córdoba|Álvaro of Córdoba (lang:en)|800|861
Abbas Ibn Firnas|Abbas Ibn Firnas (lang:en)|810|887
Muqàddam ibn Muafa al-Qabri|Muqàddam ibn Muafa al-Qabri (lang:en)|847|912
Saʽid bin Judi|Saʽid bin Judi (lang:en)|852|897
...|...|...|...
Jorge Manrique|Jorge Manrique (lang:en)|1440|1479
Garci Sánchez de Badajoz|Garci Sánchez de Badajoz (lang:en)|1460|1526
Pedro Nuñez Delgado|Pedro Nuñez Delgado (lang:en)|1478|1535
Pedro Fernández de Castilleja|Pedro Fernández de Castilleja (lang:en)|1487|1574
Juan Ginés de Sepúlveda|Juan Ginés de Sepúlveda (lang:en)|1490|1573",Different answer,LLM-as-a-judge,Monaco_non_time,long answer
List the number of non-American James Bond actresses per country.,"[['Kingdom of Italy', 2], ['Republic of China', 2], ['Philippines', 1], ['England', 40], ['Australia', 2], ['Jamaica (British Colony)', 2], ['France', 9], ['Switzerland', 1], ['Morocco', 2], ['Nazi Germany', 1], ['Cuba', 1], ['Kenya', 1], ['Jamaica', 2], ['Yugoslavia', 2], ['Japan', 2], ['United Kingdom', 1], ['Aruba', 1], ['Federation of Malaya', 1], ['Sweden', 4], ['British Nigeria', 1], ['British Raj', 1], ['Spain', 1], ['Italy', 3], [""Polish People's Republic"", 1], ['Netherlands', 1], ['Egypt', 1], ['Israel', 1], ['Soviet Union', 1], ['No', 1], ['Canada', 14], ['Malaysia', 1], ['Zimbabwe', 1], ['Ireland', 1], ['German Empire', 1]]","United Kingdom|44|United Kingdom (lang:en)
France|14|France (lang:en)
Italy|8|Italy (lang:en)
Germany|6|Germany (lang:en)
Sweden|5|Sweden (lang:en)
...|...|...
Croatia|1|Croatia (lang:en)
Slovakia|1|Slovakia (lang:en)
Ukraine|1|Ukraine (lang:en)
Norway|1|Norway (lang:en)
People's Republic of China|1|People's Republic of China (lang:en)",Different answer,LLM-as-a-judge,Monaco_time,long answer
who has won the mens singles title in the australian open tennis tournament,Roger Federer,"Amélie Mauresmo|Amélie Mauresmo (lang:en)
Angelique Kerber|Angelique Kerber (lang:en)
Aniek van Koot|Aniek van Koot (lang:en)
Aryna Sabalenka|Aryna Sabalenka (lang:en)
Ashleigh Barty|Ashleigh Barty (lang:en)
...|...
Sofia Kenin|Sofia Kenin (lang:en)
Steffi Graf|Steffi Graf (lang:en)
Victoria Azarenka|Victoria Azarenka (lang:en)
Virginia Wade|Virginia Wade (lang:en)
Yui Kamiji|Yui Kamiji (lang:en)",Different answer,LLM-as-a-judge,NQ_table,long answer
Name the political party leaders in Romania.,"[['Marcel Ciolacu'], ['Nicolae Ciucă'], ['Cătălin Drulă'], ['George Simion'], ['Hunor Kelemen'], ['Ludovic Orban'], ['Dragoș Pîslaru', 'Ramona Strugariu'], ['Daniel Ionașcu'], ['Ninel Peia'], ['Eugen Tomac disputed with Cristian Diaconescu'], ['Lavinia Cosma', 'Marius Lazăr'], ['Victor Ponta'], ['Aurelian Pavelescu'], ['Andi-Gabriel Grosaru'], ['{}'], ['Silviu Feodor'], ['Paul-Jürgen Porr'], ['Iarco Furic'], ['Gelil Eserghep Bey'], ['Silviu Vexler'], ['Nicolae Păun'], ['Osman Fedbi'], ['Varujan Vosganian'], ['Giureci-Slobodan Ghera'], ['Victoria Longher'], ['Ognean Cristici'], ['Nicolae-Miroslav Petrețchi'], ['Florin Secară'], ['Tudor Ionescu']]","Claudiu Târziu|Claudiu Târziu (lang:en)
Diana Șoșoacă|Diana Șoșoacă (lang:en)
Marius Lazăr|Marius Lazăr (lang:en)
Anamaria Gavrilă|Anamaria Gavrilă (lang:en)
Tudor Ionescu|Tudor Ionescu (lang:en)
...|...
Adrian Merka|Adrian Merka (lang:en)
Hunor Kelemen|Hunor Kelemen (lang:en)
Dacian Cioloș|Dacian Cioloș (lang:en)
Viorica Dăncilă|Viorica Dăncilă (lang:en)
Dominic Fritz|Dominic Fritz (lang:en)",Different answer,LLM-as-a-judge,Monaco_time,long answer
Where is each Pixar film set,"[['Toy Story', 'a world where toys come to life when humans are not present'], [""A Bug's Life"", 'the middle of a seasonally dry creekbed on a small hill known as Ant Island'], ['Monsters, Inc.', 'The city of Monstropolis'], ['Finding Nemo', 'ocean'], ['The Incredibles', 'A retro-futuristic version of the 1960s'], ['Cars', 'A world populated entirely by anthropomorphic talking vehicles'], ['Ratatouille', 'Outside Paris'], ['WALL-E', 'a future, uninhabitable, deserted Earth in 2805'], ['Up', 'South America'], ['Cars 2', 'Japan and Europe'], ['Brave', 'Medieval Scotland'], ['Monsters University', 'The scaring program at Monsters University'], ['Inside Out', 'San Francisco'], ['The Good Dinosaur', 'In an alternate history'], ['Finding Dory', 'An undersea reef'], ['Coco', 'Santa Cecilia'], ['Onward', 'A world inhabited by mythic creatures'], ['Soul', 'New York City'], ['Luca', 'Italian riviera'], ['Turning Red', 'Toronto'], ['Lightyear', ""unknown world T'Kani Prime.""], ['Elemental', 'Element City'], ['Toy Story 3', 'Sunnyside Daycare'], ['Cars 3', 'Los Angeles'], ['Toy Story 4', 'Unspecific']]","Turning Red|Turning Red (lang:en)|Toronto|Toronto (lang:en)
WALL-E|WALL-E (lang:en)|Axiom|Axiom (lang:en)
WALL-E|WALL-E (lang:en)|Earth|Earth (lang:en)
WALL-E|WALL-E (lang:en)|outer space|outer space (lang:en)
Brave|Brave (lang:en)|Scotland|Scotland (lang:en)
...|...|...|...
Soul|Soul (lang:en)|New York City|New York City (lang:en)
The Good Dinosaur|The Good Dinosaur (lang:en)|Earth|Earth (lang:en)
BURN-E|BURN-E (lang:en)|Axiom|Axiom (lang:en)
Finding Dory|Finding Dory (lang:en)|California|California (lang:en)
Luca|Luca (lang:en)|Italian Riviera|Italian Riviera (lang:en)",Different answer,LLM-as-a-judge,Monaco_time,long answer
Tell me what's the national dish of each country in Central Europe,"[['Austria', 'Wiener schnitzel'], ['Croatia', 'Zagorski štrukli'], ['Czechia', 'vepřo knedlo zelo (Roast pork with dumplings) and sauerkraut)'], ['Czechia', 'svíčková'], ['Germany', 'schnitzel'], ['Germany', 'schweinshaxe'], ['Germany', 'bratwurst'], ['Germany', 'sauerbraten'], ['Germany', 'döner kebab'], ['Germany', 'currywurst'], ['Germany', 'eisbein with sauerkraut'], ['Hungary', 'Goulash'], ['Lithuania', 'bigos'], ['Lithuania', 'cepelinai'], ['Lithuania', 'šaltibarščiai'], ['Poland', 'bigos'], ['Poland', 'pierogi'], ['Poland', 'kotlet schabowy'], ['Poland', 'Barszcz, Rosół'], ['Slovakia', 'pierogi'], ['Slovakia', 'bryndzové halušky'], ['Slovenia', 'buckwheat dumplings'], ['Slovenia', 'štruklji'], ['Slovenia', 'Idrijski žlikrofi'], ['Switzerland', 'Fondue'], ['Switzerland', 'Muesli'], ['Switzerland', 'Raclette'], ['Switzerland', 'Rösti'], ['Switzerland', 'Cervelat'], ['Switzerland', 'Zürcher geschnetzeltes']]","Czech Republic|Czech Republic (lang:en)|wd:Q107782305|
Czech Republic|Czech Republic (lang:en)|Vepřo knedlo zelo|Vepřo knedlo zelo (lang:en)
Czech Republic|Czech Republic (lang:en)|wd:Q63349173|
Czech Republic|Czech Republic (lang:en)|Christmas carp|Christmas carp (lang:en)
Czech Republic|Czech Republic (lang:en)|serviettenknödel|serviettenknödel (lang:en)
...|...|...|...
Austria|Austria (lang:en)|wd:Q114496226|
Austria|Austria (lang:en)|wd:Q111913166|
Austria|Austria (lang:en)|Erdäpfelknödel|Erdäpfelknödel (lang:en)
Austria|Austria (lang:en)|St. Martin's goose|St. Martin's goose (lang:en)
Austria|Austria (lang:en)|wd:Q100148345|",Different answer,LLM-as-a-judge,Monaco_non_time,long answer
Which Marvel female superheroes have already made an appearance in a live action film or tv show,"['America Chavez', 'Angela', 'Bella Donna', 'Betsy Braddock (Psylocke)/Captain Britain', 'Emma Frost', 'Black Cat', 'Black Widow (Natasha Romanoff)', 'Feral', 'Blink', 'Gamora', 'Buff', 'Callisto', 'Jean Grey', 'Hawkeye (Kate Bishop)', 'Molly Hayes', 'Hellcat', 'Satana Hellstrom', 'Captain Marvel', 'Invisible Woman', 'Ironheart', 'Daisy Johnson', 'Clea', 'Jessica Jones (a.k.a. Jewel and Knightress)', 'Copycat', 'Anya Corazon', 'Crystal', 'Jubilee', 'Dagger', 'Jennifer Kale', 'Kismet', 'Dazzler', 'Misty Knight', 'Karolina Dean', 'Magik', 'Domino', 'Echo', 'Elektra', 'Medusa', 'Nico Minoru', 'Mockingbird', 'Moonstar', 'Ms. Marvel (Carol Danvers)', 'Ms. Marvel (Kamala Khan)', 'Mystique', 'Namora', 'Night Nurse', 'Nova (Frankie Raye)', 'Phoenix', 'Photon', 'Polaris (as Overdrive)', 'Kitty Pryde', 'Red Guardian', 'Rescue', 'Cecilia Reyes', 'Rogue', 'Ronin', 'Sage', 'Scarlet Witch', 'Sersi', 'Shadowcat', 'She-Hulk', 'She-Venom', 'Sif', 'Silk', 'Silver Fox', 'Siryn', 'Stature', 'Stepford Cuckoos', 'Storm', 'Valkyrie', 'The Wasp', 'Colleen Wing', 'Wolfsbane', 'X-23', 'Gertrude Yorkes', 'Spider-Woman', 'Thor as Jane Foster']","Phil Coulson|Phil Coulson (lang:en)
Iron Man|Iron Man (lang:en)
Stan Lee|Stan Lee (lang:en)
Captain America|Captain America (lang:en)
Raza|Raza (lang:en)
...|...
Don|Don (lang:en)
Tom the Neighbor|Tom the Neighbor (lang:en)
John Walker|John Walker (lang:en)
Falcon|Falcon (lang:en)
Doctor Strange|Doctor Strange (lang:en)",Different answer,LLM-as-a-judge,Monaco_time,long answer
What are the different geological fracture zones ?,"Chile | Mocha | Valdivia | Easter | Vema | Kane | Charlie-Gibbs Name from GEBCO gazetteer, position refined by means of [http://www.ngdc.noaa.gov/mgg/global/global.html etopo2] and sample data of GPlates","Bight Fracture Zone|Bight Fracture Zone (lang:en)
Faraday Fracture Zone|Faraday Fracture Zone (lang:en)
Vening Meinesz Fracture Zone|Vening Meinesz Fracture Zone (lang:en)
Cook Fracture Zone|Cook Fracture Zone (lang:en)
Clarion-Clipperton Zone|Clarion-Clipperton Zone (lang:en)
...|...
Shackleton Fracture Zone|Shackleton Fracture Zone (lang:en)
Sovanco Fracture Zone|Sovanco Fracture Zone (lang:en)
Vinogradov Fracture Zone|Vinogradov Fracture Zone (lang:en)
Molokai Fracture Zone|Molokai Fracture Zone (lang:en)
Blanco transform fault zone|Blanco transform fault zone (lang:en)",Different answer,LLM-as-a-judge,Qampari_wikitables,long answer
What were the British royal houses and how did each of them take the throne,"[['House of Stuart', 'Bill of Rights 1689'], ['House of Hanover', 'A great-grandson of King James VI and I, George I, who was prince-elector of Hanover, became the first Hanoverian monarch of Great Britain and Ireland in 1714.'], ['House of Saxe-Coburg and Gotha', ""Ernest I's second son, Prince Albert (1819–1861), married his first cousin Queen Victoria in 1840 (Victoria's mother was a sister of Ernest I). Prince Albert thus is the progenitor of the United Kingdom's current royal family, called the House of Windsor since 1917""], ['House of Windsor', 'Eventually in 1901, a line of the House of Saxe-Coburg and Gotha succeeded the House of Hanover to the British monarchy with the accession of King Edward VII, son of Queen Victoria and Prince Albert of Saxe-Coburg and Gotha. In 1917, the name of the British royal house was changed from the German Saxe-Coburg and Gotha to the English Windsor, taking its name from the royal residence in Berkshire']]","House of Wessex|House of Wessex (lang:en)|Alfred the Great|Alfred the Great (lang:en)|0871-04-27T00:00:00Z|
House of Knýtlinga|House of Knýtlinga (lang:en)|Sweyn I of Denmark|Sweyn I of Denmark (lang:en)|1013-01-01T00:00:00Z|
House of Godwin|House of Godwin (lang:en)|Harold Godwinson|Harold Godwinson (lang:en)|1066-01-11T00:00:00Z|
House of Normandy|House of Normandy (lang:en)|William the Conqueror|William the Conqueror (lang:en)|1066-12-31T00:00:00Z|
House of Blois|House of Blois (lang:en)|Stephen, King of England|Stephen, King of England (lang:en)|1135-12-29T00:00:00Z|
...|...|...|...|...|...
Spanish House of Habsburg|Spanish House of Habsburg (lang:en)|Philip II of Spain|Philip II of Spain (lang:en)|1554-08-04T00:00:00Z|
Habsburg Spain|Habsburg Spain (lang:en)|Philip II of Spain|Philip II of Spain (lang:en)|1554-08-04T00:00:00Z|
House of Stewart di Darnley|House of Stewart di Darnley (lang:en)|James VI and I|James VI and I (lang:en)|1603-04-03T00:00:00Z|
House of Stuart|House of Stuart (lang:en)|Charles I of England|Charles I of England (lang:en)|1625-03-27T00:00:00Z|
House of Orange-Nassau|House of Orange-Nassau (lang:en)|William III of England|William III of England (lang:en)|1689-02-13T00:00:00Z|",Different answer,LLM-as-a-judge,Monaco_non_time,long answer
Which actresses were unmarried at the time that they won the Oscar for Best Actress in a Leading Role,"['Anna Magnani', 'Anne Bancroft', 'Julie Christie', 'Ellen Burstyn', 'Shirley MacLaine', 'Marlee Matlin', 'Cher', 'Jessica Lange', 'Susan Sarandon', 'Helen Hunt', 'Gwyneth Paltrow', 'Julia Roberts', 'Halle Berry', 'Nicole Kidman', 'Charlize Theron', 'Marion Cotillard', 'Natalie Portman', 'Jennifer Lawrence', 'Brie Larson', 'Emma Stone', 'Renée Zellweger', 'Michelle Yeoh', 'Janet Gaynor', 'Marie Dressler', 'Ginger Rogers', 'Jane Wyman', 'Judy Holliday', 'Shirley Booth', 'Audrey Hepburn', 'Grace Kelly', 'Meryl Streep', 'Jodie Foster', 'Katharine Hepburn', 'Vivien Leigh']","The Divorcee|The Divorcee (lang:en)|1929-01-01T00:00:00Z
Janet Gaynor|Janet Gaynor (lang:en)|1929-05-16T00:00:00Z
Seventh Heaven|Seventh Heaven (lang:en)|1929-05-16T00:00:00Z
Street Angel|Street Angel (lang:en)|1929-05-16T00:00:00Z
Sunrise: A Song of Two Humans|Sunrise: A Song of Two Humans (lang:en)|1929-05-16T00:00:00Z
...|...|...
Michelle Yeoh|Michelle Yeoh (lang:en)|2023-03-12T00:00:00Z
Emma Stone|Emma Stone (lang:en)|2024-03-10T00:00:00Z
Mikey Madison|Mikey Madison (lang:en)|2025-03-02T00:00:00Z
Anora|Anora (lang:en)|2025-03-02T00:00:00Z
Jessie Buckley|Jessie Buckley (lang:en)|2026-03-15T00:00:00Z",Different answer,LLM-as-a-judge,Monaco_time,long answer
"Over the past 30 years, which women have served as Cabinet members in the United States, Chronologically","['Donna Shalala', ""Hazel R. O'Leary"", 'Janet Reno', 'Madeleine Albright', 'Alexis Herman', 'Ann Veneman', 'Elaine Chao', 'Gale Norton', 'Margaret Spellings', 'Condoleezza Rice', 'Mary E. Peters', 'Hillary Clinton', 'Janet Napolitano', 'Hilda Solis', 'Kathleen Sebelius', 'Sally Jewell', 'Penny Pritzker', 'Sylvia Burwell', 'Loretta Lynch', 'Betsy DeVos', 'Kirstjen Nielsen', 'Kamala Harris', 'Janet Yellen', 'Jennifer Granholm', 'Gina Raimondo', 'Marcia Fudge', 'Deb Haaland']","William Perry|William Perry (lang:en)|United States Secretary of Defense|United States Secretary of Defense (lang:en)|1994-02-03T00:00:00Z
Leon Panetta|Leon Panetta (lang:en)|White House Chief of Staff|White House Chief of Staff (lang:en)|1994-07-17T00:00:00Z
Robert Rubin|Robert Rubin (lang:en)|United States Secretary of the Treasury|United States Secretary of the Treasury (lang:en)|1995-01-10T00:00:00Z
Dan Glickman|Dan Glickman (lang:en)|United States Secretary of Agriculture|United States Secretary of Agriculture (lang:en)|1995-03-30T00:00:00Z
Joseph E. Stiglitz|Joseph E. Stiglitz (lang:en)|Chair of the Council of Economic Advisers|Chair of the Council of Economic Advisers (lang:en)|1995-06-28T00:00:00Z
...|...|...|...|...
Pete Hegseth|Pete Hegseth (lang:en)|United States Secretary of Defense|United States Secretary of Defense (lang:en)|2025-09-05T00:00:00Z
Mike Waltz|Mike Waltz (lang:en)|United States Ambassador to the United Nations|United States Ambassador to the United Nations (lang:en)|2025-09-21T00:00:00Z
Markwayne Mullin|Markwayne Mullin (lang:en)|United States Secretary of Homeland Security|United States Secretary of Homeland Security (lang:en)|2026-03-31T00:00:00Z
Keith Sonderling|Keith Sonderling (lang:en)|United States Secretary of Labor|United States Secretary of Labor (lang:en)|2026-04-20T00:00:00Z
Hung Cao|Hung Cao (lang:en)|United States Secretary of the Navy|United States Secretary of the Navy (lang:en)|2026-04-22T00:00:00Z",Different answer,LLM-as-a-judge,Monaco_time,long answer
How old are the actors of the main cast of Lost today,"[['Naveen Andrews', '54'], ['Emilie de Ravin', '41'], ['Matthew Fox', '57'], ['Jorge Garcia', '50'], ['Maggie Grace', '40'], ['Josh Holloway', '54'], ['Malcolm David Kelley', '31'], ['Daniel Dae Kim', '55'], ['Yunjin Kim', '49'], ['Evangeline Lilly', '44'], ['Dominic Monaghan', '44'], [""Terry O'Quinn"", '71'], ['Harold Perrineau', '60'], ['Ian Somerhalder', '44'], ['Adewale Akinnuoye-Agbaje', '56'], ['Michelle Rodriguez', '45'], ['Cynthia Watros', '55'], ['Henry Ian Cusick', '56'], ['Michael Emerson', '69'], ['Elizabeth Mitchell', '53'], ['Kiele Sanchez', '45'], ['Rodrigo Santoro', '48'], ['Jeremy Davies', '53'], ['Ken Leung', '53'], ['Rebecca Mader', '46'], ['Néstor Carbonell', '55'], ['Jeff Fahey', '70'], ['Zuleikha Robinson', '46'], ['Sam Anderson', '76'], ['François Chau', '63'], ['Fionnula Flanagan', '81'], ['John Terry', '73'], ['Sonya Walger', '49']]","Adewale Akinnuoye-Agbaje|Adewale Akinnuoye-Agbaje (lang:en)|58
Alan Dale|Alan Dale (lang:en)|78
Alexandra Krosney|Alexandra Krosney (lang:en)|38
Andrew Divoff|Andrew Divoff (lang:en)|70
Anthony Azizi|Anthony Azizi (lang:en)|56
...|...|...
Veronica Hamel|Veronica Hamel (lang:en)|82
William Mapother|William Mapother (lang:en)|61
Yunjin Kim|Yunjin Kim (lang:en)|52
Zoë Bell|Zoë Bell (lang:en)|47
Zuleikha Robinson|Zuleikha Robinson (lang:en)|48",Different answer,LLM-as-a-judge,Monaco_time,long answer
Who was interested in the novel Emma?,Northanger Abbey,"Jim O'Hanlon|Jim O'Hanlon (lang:en)
Eric Fellner|Eric Fellner (lang:en)
Tim Bevan|Tim Bevan (lang:en)
Sue Birtwistle|Sue Birtwistle (lang:en)
Autumn de Wilde|Autumn de Wilde (lang:en)
...|...
Rajshree Ojha|Rajshree Ojha (lang:en)
Rhea Kapoor|Rhea Kapoor (lang:en)
Sunil Manchanda|Sunil Manchanda (lang:en)
Twink Caplan|Twink Caplan (lang:en)
Graham Broadbent|Graham Broadbent (lang:en)",Different answer,LLM-as-a-judge,CompMix_table,long answer
What films did Tom Hanks appear in between 1985 and 2015,"['The Man with One Red Shoe', 'Volunteers', 'The Money Pit', 'Nothing in Common', 'Every Time We Say Goodbye', 'Dragnet', 'Big', 'Punchline', ""The 'Burbs"", 'Turner & Hooch', 'Joe Versus the Volcano', 'The Bonfire of the Vanities', 'Radio Flyer', 'A League of Their Own', 'Sleepless in Seattle', 'Philadelphia', 'Forrest Gump', 'Apollo 13', 'Toy Story', 'That Thing You Do!', 'Saving Private Ryan', ""You've Got Mail"", 'Toy Story 2', 'The Green Mile', 'Cast Away', 'Road to Perdition', 'Catch Me If You Can', 'The Ladykillers', 'The Terminal', 'The Polar Express', 'The Da Vinci Code', ""Charlie Wilson's War"", 'The Great Buck Howard', 'Angels & Demons', 'Toy Story 3', 'Larry Crowne', 'Extremely Loud & Incredibly Close', 'Cloud Atlas', 'Captain Phillips', 'Saving Mr. Banks', 'Bridge of Spies']","Volunteers|Volunteers (lang:en)
The Man with One Red Shoe|The Man with One Red Shoe (lang:en)
The Money Pit|The Money Pit (lang:en)
The Money Pit|The Money Pit (lang:en)
Nothing in Common|Nothing in Common (lang:en)
...|...
And the Oscar Goes To...|And the Oscar Goes To... (lang:en)
I Really Like You|I Really Like You (lang:en)
Bridge of Spies|Bridge of Spies (lang:en)
Bridge of Spies|Bridge of Spies (lang:en)
Ithaca|Ithaca (lang:en)",Different answer,LLM-as-a-judge,Monaco_non_time,long answer
where is the 7th game of the world series played,"Dodger Stadium, Los Angeles","Częstochowa (lang:en)
Maasland (lang:en)
Essey-lès-Nancy (lang:en)
Strandvägen (lang:en)
Mainz (lang:en)
...
J. Paul Getty Museum (lang:en)
Semipalatinsk Test Site (lang:en)
Avantis (lang:en)
Best (lang:en)
Naarden (lang:en)",Different answer,LLM-as-a-judge,NQ_table,long answer
What is the works in the collection of the Black Flag music band,Museum of Modern Art,"Louie Louie / Damaged 1|Louie Louie / Damaged 1 (lang:en)
Louie Louie|Louie Louie (lang:en)
Six Pack|Six Pack (lang:en)
Slip It In|Slip It In (lang:en)
Slip It In|Slip It In (lang:en)
...|...
Wasted…Again|Wasted…Again (lang:en)
Jealous Again|Jealous Again (lang:en)
Live at the On Broadway 1982|Live at the On Broadway 1982 (lang:en)
My War|My War (lang:en)
Damaged|Damaged (lang:en)",Different answer,LLM-as-a-judge,CompMix_infobox,long answer
What color kits did the Isle of Man Premier League football club have that played on an amateur level in the 99th league competition,amber and black kits,"Rushen United F.C. (lang:en)|
Peel A.F.C. (lang:en)|
Pulrose United A.F.C. (lang:en)|
Douglas and District F.C. (lang:en)|
Union Mills F.C. (lang:en)|
...|...
Ayre United A.F.C. (lang:en)|
St Marys A.F.C. (lang:en)|
Northern Athletic A.F.C. (lang:en)|
Ramsey Youth Centre and Old Boys F.C. (lang:en)|
Laxey A.F.C. (lang:en)|",Different answer,LLM-as-a-judge,OTT_QA_dev,long answer
What natural areas are natural study areas ?,San Luis Hills | Black Canyon | Gooding City of Rocks East | Gooding City of Rocks West | Little City of Rocks | Shale Butte | Sleeping Giant/Sheep Creek,"2005725 Biotopskydd 2002:708|2005725 Biotopskydd 2002:708 (lang:en)
2005732 Biotopskydd 2005:437|2005732 Biotopskydd 2005:437 (lang:en)
2005765 Biotopskydd 2004:340|2005765 Biotopskydd 2004:340 (lang:en)
2005780 Biotopskydd 2006:23|2005780 Biotopskydd 2006:23 (lang:en)
2005782 Biotopskydd 2005:610|2005782 Biotopskydd 2005:610 (lang:en)
...|...
Zwischen Schwand und Gürmschbach|Zwischen Schwand und Gürmschbach (lang:en)
Zwischen Wagliseichnubel und Ghack|Zwischen Wagliseichnubel und Ghack (lang:en)
Заповедник ""Нургуш""|Заповедник ""Нургуш"" (lang:en)
Заповедник ""Пинежский""|Заповедник ""Пинежский"" (lang:en)
Заповедник ""Усть-Ленский""|Заповедник ""Усть-Ленский"" (lang:en)",Different answer,LLM-as-a-judge,Qampari_wikitables,long answer
where is dia de los muertos celebrated in mexico,October 31,"Jalisco (lang:en)
Mexico City (lang:en)
Nuevo León (lang:en)
Oaxaca (lang:en)
Sonora (lang:en)
...
Hidalgo (lang:en)
Campeche (lang:en)
Tabasco (lang:en)
State of Mexico (lang:en)
Tlaxcala (lang:en)",Different answer,LLM-as-a-judge,NQ_table,long answer
who won the mens single ice skating 2018,Yuzuru Hanyu,Yuzuru Hanyū,Same,Simple heuristics,NQ_table,duplicate
who won the mens single ice skating 2018,Yuzuru Hanyu,Yuzuru Hanyū,Same,Simple heuristics,NQ_table,duplicate
who is the premier of northern cape 2018,Sylvia Lucas,Sylvia Lucas,Same,Simple heuristics,NQ_table,duplicate
who won the mens figure skating in 2018 olympics,Yuzuru Hanyu | Shoma Uno | Javier Fernández,Yuzuru Hanyū,Higher accuracy in Table than in KG,Simple heuristics,NQ_table,duplicate
when did michigan last win a national championship,1989,2024,Different answer,Simple heuristics,NQ_table,duplicate
when was the last time michigan basketball won the championship,1989,2025,Different answer,Simple heuristics,NQ_table,duplicate
when was the last time michigan basketball won the championship,1989,2019,Different answer,Simple heuristics,NQ_table,duplicate
the secret of crickley hall how many episodes,3,3.0,Same,LLM-as-a-judge,NQ_table,duplicate
chief ministers of tamil nadu mentioned on wikipedia,A. Subbarayalu Reddiar | Raja of Panagal | Raja of Panagal | P. Subbarayan | B. Munuswamy Naidu | Ramakrishna Ranga Rao (Raja of Bobbilli) | Ramakrishna Ranga Rao | P. T. Rajan | Ramakrishna Ranga Rao | Kurma Venkata Reddy Naidu | C. Rajagopalachari | Tanguturi Prakasam | O. P. Ramaswamy Reddiyar | P. S. Kumaraswamy Raja,"C. N. Annadurai|C. N. Annadurai (lang:en)
C. Rajagopalachari|C. Rajagopalachari (lang:en)
Jayaram Jayalalithaa|Jayaram Jayalalithaa (lang:en)
K.Kamarajar|K.Kamarajar (lang:en)
K. Palaniswami|K. Palaniswami (lang:en)
M. G. Ramachandran|M. G. Ramachandran (lang:en)
M. K. Stalin|M. K. Stalin (lang:en)
Muthuvel Karunanidhi|Muthuvel Karunanidhi (lang:en)
O. Panneerselvam|O. Panneerselvam (lang:en)
V. N. Janaki|V. N. Janaki (lang:en)",Higher accuracy in KG than in Table,LLM-as-a-judge,NQ_table,duplicate
what's the average lifespan of a basset hound,Median 10–12 years,11.5,Higher accuracy in KG than in Table,LLM-as-a-judge,NQ_table,duplicate
what is the most current adobe flash player version,28.0.0.137,32.0.0.465,Different answer,LLM-as-a-judge,NQ_table,duplicate
who is the chief economic advisor of india,Arvind Subramanian,Krishnamurthy Subramanian|Krishnamurthy Subramanian (lang:en),Different answer,LLM-as-a-judge,NQ_table,duplicate
what was vietnam called in the years before world war 2,French Indochina,"Anam (lang:en)
Annam (lang:en)",Different answer,LLM-as-a-judge,NQ_table,duplicate
who won last year's ncaa women's basketball,South Carolina,LSU Tigers women's basketball,Different answer,LLM-as-a-judge,NQ_table,duplicate
when was the last time america hosted the summer olympics,Salt Lake City,1996,Different answer,LLM-as-a-judge,NQ_table,duplicate
who is the oldest wrestler that is still wrestling,Dory Funk Jr.,Muharrem Candaş|Muharrem Candaş (lang:en)|1921,Different answer,LLM-as-a-judge,NQ_table,duplicate
who has become the new chairman of sebi,Ajay Tyagi,|Madhabi Puri Buch (lang:en),Temporal changes,LLM-as-a-judge,NQ_table,duplicate
